Act,Motif,StartMeasure,EndMeasure
A,Nibelungen,1478.0,1478.999
A,Nibelungen,1479.0,1479.999
A,Nibelungen,1853.0,1853.999
A,Nibelungen,1854.0,1854.999
A,Nibelungen,1855.0,1855.999
A,Nibelungen,1856.0,1856.999
A,Nibelungen,1857.0,1857.999
A,Nibelungen,1858.0,1858.999
A,Nibelungen,1860.0,1860.999
A,Nibelungen,1861.0,1861.999
A,Nibelungen,1862.0,1862.999
A,Nibelungen,1863.0,1863.999
A,Nibelungen,1864.0,1864.999
A,Nibelungen,1865.0,1865.999
A,Nibelungen,1866.0,1866.999
A,Nibelungen,1867.0,1867.999
A,Nibelungen,1868.0,1868.999
A,Nibelungen,1869.0,1869.999
A,Nibelungen,1870.0,1870.999
A,Nibelungen,1871.0,1871.999
A,Nibelungen,1872.0,1872.999
A,Nibelungen,1873.0,1873.999
A,Nibelungen,1874.0,1874.999
A,Nibelungen,1875.0,1875.999
A,Nibelungen,1876.0,1876.999
A,Nibelungen,1877.0,1877.999
A,Nibelungen,1878.0,1878.999
A,Nibelungen,1879.0,1879.999
A,Nibelungen,1880.0,1880.999
A,Nibelungen,1881.0,1881.999
A,Nibelungen,1882.0,1882.999
A,Nibelungen,1883.0,1883.999
A,Nibelungen,1884.0,1884.999
A,Nibelungen,1885.0,1885.999
A,Nibelungen,1886.0,1886.999
A,Nibelungen,1887.0,1887.999
A,Nibelungen,1888.0,1888.999
A,Nibelungen,1889.0,1889.999
A,Nibelungen,2014.0,2014.999
A,Nibelungen,2015.0,2015.999
A,Nibelungen,2017.0,2017.999
A,Nibelungen,2018.0,2018.999
A,Nibelungen,2019.0,2019.999
A,Nibelungen,2020.0,2020.999
A,Nibelungen,2021.0,2021.999
A,Nibelungen,2022.0,2022.999
A,Nibelungen,2023.0,2023.999
A,Nibelungen,2024.0,2024.999
A,Nibelungen,2025.0,2025.999
A,Nibelungen,2026.0,2026.999
A,Nibelungen,2027.0,2027.999
A,Nibelungen,2028.0,2028.999
A,Nibelungen,2029.0,2029.999
A,Nibelungen,2030.0,2030.999
A,Nibelungen,2031.0,2031.999
A,Nibelungen,2032.0,2032.999
A,Nibelungen,2033.0,2033.999
A,Nibelungen,2034.0,2034.999
A,Nibelungen,2038.0,2038.999
A,Nibelungen,2039.0,2039.999
A,Nibelungen,2040.0,2040.999
A,Nibelungen,2084.0,2084.999
A,Nibelungen,2085.0,2085.999
A,Nibelungen,2086.0,2086.999
A,Nibelungen,2087.0,2087.999
A,Nibelungen,2088.0,2088.999
A,Nibelungen,2089.0,2089.999
A,Nibelungen,2090.0,2090.999
A,Nibelungen,2091.0,2091.999
A,Nibelungen,2092.0,2092.999
A,Nibelungen,2093.0,2093.999
A,Nibelungen,2094.0,2094.999
A,Nibelungen,2095.0,2095.999
A,Nibelungen,2096.0,2096.999
A,Nibelungen,2097.0,2097.999
A,Nibelungen,2098.0,2098.999
A,Nibelungen,2099.0,2099.999
A,Nibelungen,2100.0,2100.999
A,Nibelungen,2101.0,2101.999
A,Nibelungen,2102.0,2102.999
A,Nibelungen,2103.0,2103.999
A,Nibelungen,2104.0,2104.999
A,Nibelungen,2105.0,2105.999
A,Nibelungen,2106.0,2106.999
A,Nibelungen,2107.0,2107.999
A,Nibelungen,2108.0,2108.999
A,Nibelungen,2109.0,2109.999
A,Nibelungen,2110.0,2110.999
A,Nibelungen,2111.0,2111.999
A,Nibelungen,2112.0,2112.999
A,Nibelungen,2113.0,2113.999
A,Nibelungen,2114.0,2114.999
A,Nibelungen,2115.0,2115.999
A,Nibelungen,2116.0,2116.999
A,Nibelungen,2117.0,2117.999
A,Nibelungen,2118.0,2118.999
A,Nibelungen,2119.0,2119.999
A,Nibelungen,2120.0,2120.999
A,Nibelungen,2121.0,2121.999
A,Nibelungen,2122.0,2122.999
A,Nibelungen,2123.0,2123.999
A,Nibelungen,2124.0,2124.999
A,Nibelungen,2136.25,2137.166
A,Nibelungen,2140.25,2141.166
A,Nibelungen,2144.25,2145.75
A,Nibelungen,2155.5,2156.999
A,Nibelungen,2221.0,2221.999
A,Nibelungen,2222.0,2222.999
A,Nibelungen,2223.0,2223.999
A,Nibelungen,2224.0,2224.999
A,Nibelungen,2234.0,2234.999
A,Nibelungen,2235.0,2235.999
A,Nibelungen,2236.0,2236.999
A,Nibelungen,2237.0,2237.999
A,Nibelungen,2238.0,2238.999
A,Nibelungen,2239.0,2239.999
A,Nibelungen,2240.0,2240.999
A,Nibelungen,2241.0,2241.999
A,Nibelungen,2242.0,2242.999
A,Nibelungen,2243.0,2243.999
A,Nibelungen,2244.0,2244.999
A,Nibelungen,2245.0,2245.999
A,Nibelungen,2246.0,2246.999
A,Nibelungen,2247.0,2247.999
A,Nibelungen,2248.0,2248.999
A,Nibelungen,2249.0,2249.999
A,Nibelungen,2250.0,2250.999
A,Nibelungen,2251.0,2251.999
A,Nibelungen,2312.0,2312.999
A,Nibelungen,2313.0,2313.999
A,Nibelungen,2314.0,2314.999
A,Nibelungen,2315.0,2315.999
A,Nibelungen,2316.0,2316.999
A,Nibelungen,2317.0,2317.999
A,Nibelungen,2318.0,2318.999
A,Nibelungen,2319.0,2319.999
A,Nibelungen,2554.666,2556.5
A,Nibelungen,2556.666,2558.5
A,Nibelungen,2558.666,2560.5
A,Nibelungen,2560.666,2562.5
A,Nibelungen,2573.666,2575.5
A,Nibelungen,2575.666,2577.5
A,Nibelungen,2577.666,2579.5
A,Nibelungen,2579.666,2580.999
A,Nibelungen,2649.0,2649.999
A,Nibelungen,2650.0,2650.999
A,Nibelungen,2767.0,2767.999
A,Nibelungen,2768.0,2768.999
A,Nibelungen,2769.0,2769.999
A,Nibelungen,2770.0,2770.999
A,Nibelungen,2771.0,2771.999
A,Nibelungen,2772.0,2772.999
A,Nibelungen,2773.0,2773.999
A,Nibelungen,2774.0,2774.999
A,Nibelungen,2775.0,2775.999
A,Nibelungen,2776.0,2776.999
A,Nibelungen,2777.0,2777.999
A,Nibelungen,2778.0,2778.999
A,Nibelungen,2779.0,2779.999
A,Nibelungen,2780.0,2780.999
A,Nibelungen,2781.0,2781.999
A,Nibelungen,2782.0,2782.999
A,Nibelungen,2783.0,2783.999
A,Nibelungen,2784.0,2784.999
A,Nibelungen,2785.0,2785.999
A,Nibelungen,2786.0,2786.999
A,Nibelungen,2926.0,2926.999
A,Nibelungen,2927.0,2927.999
A,Nibelungen,2928.0,2928.999
A,Nibelungen,2929.0,2929.999
A,Nibelungen,2930.0,2930.999
A,Nibelungen,2931.0,2931.999
A,Nibelungen,2932.0,2932.999
A,Nibelungen,2933.0,2933.999
A,Nibelungen,2934.0,2934.999
A,Nibelungen,2938.0,2938.999
A,Nibelungen,2939.0,2939.999
A,Nibelungen,2940.0,2940.999
A,Nibelungen,2941.0,2941.999
A,Nibelungen,2942.0,2942.999
A,Nibelungen,2943.0,2943.999
A,Nibelungen,2944.0,2944.999
A,Nibelungen,2945.0,2945.999
A,Nibelungen,2946.0,2946.999
A,Nibelungen,2947.0,2947.999
A,Nibelungen,2948.0,2948.999
A,Nibelungen,2949.0,2949.999
A,Nibelungen,2950.0,2950.999
A,Nibelungen,2951.0,2951.999
A,Nibelungen,2952.0,2952.999
A,Nibelungen,2953.0,2953.999
A,Nibelungen,2954.0,2954.999
A,Nibelungen,2955.0,2955.999
A,Nibelungen,2956.0,2956.999
A,Nibelungen,2957.0,2957.999
A,Nibelungen,2958.0,2958.999
A,Nibelungen,2959.0,2959.999
A,Nibelungen,2960.0,2960.999
A,Nibelungen,2961.0,2961.999
A,Nibelungen,2962.0,2962.999
A,Nibelungen,2963.0,2963.999
A,Nibelungen,2964.0,2964.999
A,Nibelungen,2965.0,2965.999
A,Nibelungen,2966.0,2966.999
A,Nibelungen,2967.0,2967.999
A,Nibelungen,2968.0,2968.999
A,Nibelungen,2969.0,2969.999
A,Nibelungen,2972.0,2972.999
A,Nibelungen,2973.0,2973.999
A,Nibelungen,2974.0,2974.999
A,Nibelungen,2975.0,2975.999
A,Nibelungen,2976.0,2976.999
A,Nibelungen,2977.0,2977.999
A,Nibelungen,2978.0,2978.999
A,Nibelungen,2979.0,2979.999
A,Nibelungen,2980.0,2980.999
A,Nibelungen,2981.0,2981.999
A,Nibelungen,2982.0,2982.999
A,Nibelungen,3325.5,3326.5
A,Nibelungen,3327.5,3328.5
A,Nibelungen,3329.5,3330.5
A,Nibelungen,3331.0,3331.999
A,Nibelungen,3332.0,3332.999
A,Nibelungen,3333.0,3333.999
A,Nibelungen,3336.0,3336.999
A,Nibelungen,3338.0,3338.999
A,Nibelungen,3339.0,3339.999
A,Nibelungen,3340.0,3340.999
A,Nibelungen,3341.0,3341.999
A,Nibelungen,3342.0,3342.999
A,Nibelungen,3343.0,3343.999
A,Nibelungen,3344.0,3344.999
A,Nibelungen,3345.0,3345.5
A,Nibelungen,3356.0,3356.999
A,Nibelungen,3357.0,3357.999
A,Nibelungen,3371.0,3371.999
A,Nibelungen,3372.0,3372.999
A,Nibelungen,3373.0,3373.999
A,Nibelungen,3374.0,3374.999
A,Nibelungen,3407.0,3407.999
A,Nibelungen,3408.0,3408.999
A,Nibelungen,3584.5,3584.999
A,Nibelungen,3585.5,3585.999
A,Nibelungen,3586.5,3586.999
A,Nibelungen,3587.5,3587.999
A,Nibelungen,3589.5,3589.999
A,Nibelungen,3590.5,3590.999
A,Nibelungenhass,3116.875,3117.833
A,Nibelungenhass,3118.875,3119.833
A,Nibelungenhass,3120.875,3121.833
A,Nibelungenhass,3121.875,3122.833
A,Nibelungenhass,3122.875,3123.833
A,Nibelungenhass,3123.875,3124.833
A,Nibelungenhass,3140.875,3141.833
A,Nibelungenhass,3141.875,3142.833
A,Nibelungenhass,3142.875,3143.833
A,Nibelungenhass,3143.875,3144.833
A,Nibelungenhass,3144.875,3145.833
A,Nibelungenhass,3145.875,3146.833
A,Nibelungenhass,3146.875,3147.833
A,Nibelungenhass,3147.875,3148.833
A,Nibelungenhass,3148.875,3149.833
A,Nibelungenhass,3149.875,3150.833
A,Nibelungenhass,3150.875,3151.833
A,Nibelungenhass,3151.875,3152.833
A,Nibelungenhass,3232.875,3233.916
A,Nibelungenhass,3233.875,3234.916
A,Nibelungenhass,3234.875,3235.916
A,Nibelungenhass,3235.875,3236.916
A,Nibelungenhass,3490.875,3491.833
A,Nibelungenhass,3491.875,3492.833
A,Nibelungenhass,3492.875,3493.833
A,Nibelungenhass,3597.875,3598.5
A,Nibelungenhass,3598.375,3598.999
A,Nibelungenhass,3598.875,3599.5
A,Nibelungenhass,3599.375,3599.999
A,Nibelungenhass,3626.875,3627.833
A,Nibelungenhass,3627.875,3628.833
A,Nibelungenhass,3628.875,3629.833
A,Nibelungenhass,3629.875,3630.833
A,Nibelungenhass,3630.875,3631.5
A,Nibelungenhass,3631.375,3631.999
A,Nibelungenhass,3631.875,3632.5
A,Nibelungenhass,3632.375,3632.999
A,Nibelungenhass,3632.875,3633.5
A,Nibelungenhass,3633.375,3633.999
A,Nibelungenhass,3633.875,3634.5
A,Nibelungenhass,3634.375,3634.999
A,Riesen,835.0,835.375
A,Riesen,933.0,933.875
A,Riesen,934.0,934.75
A,Riesen,962.0,962.75
A,Riesen,963.0,963.75
A,Riesen,964.0,964.75
A,Riesen,965.0,965.75
A,Riesen,966.0,966.75
A,Riesen,984.0,986.999
A,Riesen,987.0,989.5
A,Riesen,989.0,990.999
A,Riesen,996.0,998.999
A,Riesen,999.0,1000.999
A,Riesen,1009.0,1010.999
A,Riesen,1091.0,1091.999
A,Riesen,1092.0,1092.999
A,Riesen,1126.0,1126.999
A,Riesen,1127.0,1127.999
A,Riesen,1129.0,1129.999
A,Riesen,1131.0,1131.999
A,Riesen,1152.0,1152.999
A,Riesen,1154.0,1154.999
A,Riesen,1314.0,1314.999
A,Riesen,1315.0,1315.999
A,Riesen,1587.0,1588.25
A,Riesen,1590.0,1590.999
A,Riesen,1595.0,1596.5
A,Riesen,1601.0,1602.25
A,Riesen,2795.0,2795.999
A,Riesen,2796.0,2796.999
A,Riesen,2797.0,2797.999
A,Riesen,2798.0,2798.999
A,Riesen,2803.0,2803.999
A,Riesen,2804.0,2804.999
A,Riesen,2805.0,2805.999
A,Riesen,2806.0,2806.999
A,Riesen,2811.0,2811.625
A,Riesen,2812.0,2812.625
A,Riesen,2813.0,2813.999
A,Riesen,2814.0,2814.999
A,Riesen,2815.0,2815.5
A,Riesen,2816.0,2816.5
A,Riesen,2817.0,2817.999
A,Riesen,2818.0,2818.999
A,Riesen,3208.0,3208.999
A,Riesen,3209.0,3209.999
A,Riesen,3210.0,3210.999
A,Riesen,3211.0,3211.999
A,Riesen,3212.0,3212.999
A,Riesen,3213.0,3213.999
A,Riesen,3214.0,3214.999
A,Riesen,3215.0,3215.999
A,Riesen,3216.0,3216.999
A,Riesen,3217.0,3217.999
A,Riesen,3218.0,3218.999
A,Riesen,3219.0,3219.999
A,Riesen,3220.0,3220.999
A,Riesen,3221.0,3221.999
A,Riesen,3222.0,3222.999
A,Riesen,3223.0,3223.999
A,Riesen,3224.0,3224.999
A,Riesen,3225.0,3225.999
A,Riesen,3226.0,3226.999
A,Riesen,3227.0,3227.999
A,Riesen,3228.0,3228.999
A,Riesen,3229.0,3229.999
A,Riesen,3230.0,3230.999
A,Riesen,3264.0,3264.999
A,Riesen,3309.0,3309.999
A,Riesen,3310.0,3310.999
A,Riesen,3311.0,3311.999
A,Riesen,3312.0,3312.999
A,Riesen,3313.0,3313.999
A,Riesen,3320.0,3320.5
A,Riesen,3321.0,3321.5
A,Riesen,3322.0,3322.5
A,Riesen,3323.0,3323.5
A,Riesen,3335.0,3335.999
A,Riesen,3336.0,3336.999
A,Riesen,3337.0,3337.999
A,Riesen,3338.0,3338.999
A,Riesen,3356.0,3356.5
A,Riesen,3357.0,3357.5
A,Riesen,3358.0,3358.5
A,Riesen,3584.0,3584.5
A,Riesen,3585.0,3585.5
A,Riesen,3586.0,3586.5
A,Riesen,3587.0,3587.5
A,Riesen,3588.0,3588.999
A,Riesen,3589.0,3589.999
A,Riesen,3590.0,3590.999
A,Riesen,3591.0,3591.999
A,Riesen,3592.0,3592.999
A,Riesen,3635.0,3635.5
A,Riesen,3635.5,3635.999
A,Riesen,3636.0,3636.5
A,Riesen,3636.5,3636.999
A,Ring,600.0,601.555
A,Ring,602.0,603.111
A,Ring,623.0,624.333
A,Ring,663.0,664.666
A,Ring,665.0,666.666
A,Ring,667.0,668.888
A,Ring,669.0,670.888
A,Ring,699.0,700.333
A,Ring,753.0,754.999
A,Ring,757.0,758.999
A,Ring,761.0,762.999
A,Ring,763.0,765.25
A,Ring,791.0,792.888
A,Ring,793.0,794.888
A,Ring,859.0,860.999
A,Ring,862.0,864.999
A,Ring,1392.0,1393.999
A,Ring,1394.0,1395.833
A,Ring,1451.0,1452.555
A,Ring,1453.0,1454.555
A,Ring,1455.0,1455.999
A,Ring,1457.0,1458.999
A,Ring,1459.0,1460.888
A,Ring,1461.0,1462.888
A,Ring,1463.0,1464.888
A,Ring,1465.0,1466.888
A,Ring,1491.0,1492.999
A,Ring,1493.0,1494.999
A,Ring,1501.0,1502.888
A,Ring,1503.0,1504.888
A,Ring,1514.0,1515.999
A,Ring,1544.0,1545.999
A,Ring,1546.0,1547.999
A,Ring,1596.5,1597.999
A,Ring,1631.0,1632.75
A,Ring,1633.0,1634.999
A,Ring,1767.0,1769.25
A,Ring,1797.0,1798.999
A,Ring,1849.0,1849.999
A,Ring,1851.0,1851.999
A,Ring,1997.0,1998.999
A,Ring,1999.0,2000.999
A,Ring,2076.0,2081.5
A,Ring,2161.0,2162.999
A,Ring,2163.0,2164.999
A,Ring,2166.0,2167.999
A,Ring,2168.0,2169.999
A,Ring,2201.0,2202.999
A,Ring,2203.0,2204.999
A,Ring,2288.0,2290.999
A,Ring,2304.0,2304.999
A,Ring,2305.0,2305.999
A,Ring,2306.0,2306.999
A,Ring,2307.0,2307.999
A,Ring,2308.0,2308.999
A,Ring,2309.0,2309.999
A,Ring,2310.0,2310.999
A,Ring,2311.0,2311.999
A,Ring,2408.0,2409.999
A,Ring,2410.0,2411.999
A,Ring,2416.0,2417.166
A,Ring,2569.0,2571.999
A,Ring,2752.0,2753.166
A,Ring,2753.0,2754.166
A,Ring,2754.0,2755.166
A,Ring,2755.0,2756.166
A,Ring,2756.0,2757.166
A,Ring,2757.0,2758.166
A,Ring,2758.0,2759.166
A,Ring,2759.0,2760.166
A,Ring,2760.0,2761.166
A,Ring,2761.0,2762.166
A,Ring,2762.0,2763.166
A,Ring,2763.0,2764.166
A,Ring,2764.0,2764.999
A,Ring,2902.25,2905.25
A,Ring,2918.0,2920.999
A,Ring,2994.25,2996.125
A,Ring,2996.25,2997.75
A,Ring,2997.75,2999.999
A,Ring,3048.0,3049.999
A,Ring,3049.0,3050.999
A,Ring,3068.75,3071.25
A,Ring,3104.0,3107.25
A,Ring,3136.5,3138.75
A,Ring,3138.75,3140.75
A,Ring,3431.0,3431.999
A,Ring,3432.0,3432.999
A,Ring,3433.0,3433.999
A,Ring,3505.0,3508.25
A,Ring,3600.0,3600.999
A,Ring,3601.0,3601.999
A,Ring,3602.0,3602.999
A,Ring,3604.0,3604.999
A,Ring,3605.0,3605.999
A,Ring,3612.75,3614.999
A,Ring,3639.25,3641.25
A,Ring,3641.25,3643.25
A,Ring,3660.0,3663.999
A,Ring,3763.0,3764.999
A,Ring,3765.0,3766.999
A,Ring,3767.0,3768.999
A,Ring,3769.0,3770.999
A,Ring,3807.0,3808.333
A,Ring,3809.0,3810.833
A,Ring,3811.0,3812.833
A,Ring,3813.0,3813.999
A,Ring,3814.0,3814.999
A,Ring,3815.0,3816.666
A,Schwert,3778.833,3780.999
A,Schwert,3784.0,3785.999
A,Vertrag,831.25,833.999
A,Vertrag,837.25,840.25
A,Vertrag,841.25,843.25
A,Vertrag,903.25,905.5
A,Vertrag,990.25,992.875
A,Vertrag,1013.25,1015.875
A,Vertrag,1027.25,1029.875
A,Vertrag,1034.0,1036.875
A,Vertrag,1049.0,1051.875
A,Vertrag,1163.5,1165.75
A,Vertrag,1263.625,1265.5
A,Vertrag,3083.625,3085.999
A,Vertrag,3547.625,3549.75
A,Walhall-b,770.0,770.999
A,Walhall-b,772.0,772.999
A,Walhall-b,773.0,773.999
A,Walhall-b,774.0,774.999
A,Walhall-b,775.0,775.999
A,Walhall-b,776.0,776.999
A,Walhall-b,777.0,777.999
A,Walhall-b,778.0,778.999
A,Walhall-b,780.0,780.999
A,Walhall-b,782.0,782.999
A,Walhall-b,795.0,795.999
A,Walhall-b,796.0,796.999
A,Walhall-b,805.0,805.999
A,Walhall-b,807.0,807.999
A,Walhall-b,808.0,808.999
A,Walhall-b,809.0,809.999
A,Walhall-b,810.0,810.999
A,Walhall-b,811.0,811.999
A,Walhall-b,812.0,812.999
A,Walhall-b,813.0,813.999
A,Walhall-b,815.0,815.999
A,Walhall-b,817.0,817.999
A,Walhall-b,819.0,819.999
A,Walhall-b,890.0,890.999
A,Walhall-b,891.0,891.999
A,Walhall-b,892.0,892.999
A,Walhall-b,1001.0,1001.875
A,Walhall-b,1004.0,1005.25
A,Walhall-b,1006.0,1006.999
A,Walhall-b,1086.0,1086.688
A,Walhall-b,1207.0,1208.25
A,Walhall-b,1211.0,1212.25
A,Walhall-b,1226.0,1226.999
A,Walhall-b,1228.0,1228.999
A,Walhall-b,1229.0,1229.999
A,Walhall-b,1230.0,1230.999
A,Walhall-b,1232.0,1232.999
A,Walhall-b,1603.0,1603.875
A,Walhall-b,2476.0,2476.999
A,Walhall-b,2477.0,2477.999
A,Walhall-b,2478.0,2478.999
A,Walhall-b,2479.0,2479.999
A,Walhall-b,2485.0,2485.999
A,Walhall-b,2486.0,2486.999
A,Walhall-b,2518.0,2518.833
A,Walhall-b,3657.0,3657.625
A,Walhall-b,3658.0,3658.625
A,Walhall-b,3659.0,3659.999
A,Walhall-b,3734.0,3734.999
A,Walhall-b,3736.0,3736.999
A,Walhall-b,3737.0,3737.999
A,Walhall-b,3738.0,3738.999
A,Walhall-b,3739.0,3739.999
A,Walhall-b,3740.0,3740.999
A,Walhall-b,3741.0,3741.999
A,Walhall-b,3742.0,3742.999
A,Walhall-b,3744.0,3744.999
A,Walhall-b,3746.0,3746.999
A,Walhall-b,3749.0,3749.999
A,Walhall-b,3750.0,3750.999
A,Walhall-b,3751.0,3751.999
A,Walhall-b,3752.0,3752.999
A,Walhall-b,3754.0,3754.999
A,Walhall-b,3756.0,3756.999
A,Walhall-b,3757.0,3757.999
A,Walhall-b,3758.0,3758.999
A,Walhall-b,3794.0,3794.999
A,Walhall-b,3796.0,3796.999
A,Walhall-b,3797.0,3797.999
A,Walhall-b,3798.0,3798.999
A,Walhall-b,3799.0,3799.999
A,Walhall-b,3800.0,3800.999
A,Walhall-b,3801.0,3801.999
A,Walhall-b,3802.0,3802.999
A,Walhall-b,3804.0,3804.999
A,Walhall-b,3843.0,3843.999
A,Walhall-b,3844.0,3844.999
A,Walhall-b,3845.0,3845.999
A,Walhall-b,3846.0,3846.999
A,Walhall-b,3847.0,3847.999
A,Walhall-b,3848.0,3848.999
A,Walhall-b,3849.0,3849.999
A,Walhall-b,3850.0,3850.999
A,Walhall-b,3851.0,3851.999
A,Walhall-b,3852.0,3852.999
A,Walhall-b,3853.0,3853.999
A,Walhall-b,3854.0,3854.999
A,Walhall-b,3873.0,3873.999
A,Walhall-b,3874.0,3874.999
A,Walhall-b,3875.0,3875.999
A,Walhall-b,3876.0,3876.999
A,Walhall-b,3877.0,3877.999
A,Walhall-b,3878.0,3878.999
A,Walhall-b,3879.0,3879.999
A,Walhall-b,3880.0,3880.999
B-1,Geschwisterliebe,212.0,215.833
B-1,Geschwisterliebe,295.0,298.833
B-1,Geschwisterliebe,300.0,301.666
B-1,Geschwisterliebe,305.0,308.833
B-1,Geschwisterliebe,307.0,309.333
B-1,Geschwisterliebe,425.875,427.375
B-1,Geschwisterliebe,751.0,754.5
B-1,Geschwisterliebe,757.0,760.833
B-1,Geschwisterliebe,759.0,762.833
B-1,Geschwisterliebe,761.0,763.999
B-1,Geschwisterliebe,1299.0,1300.333
B-1,Geschwisterliebe,1301.0,1302.666
B-1,Geschwisterliebe,1305.0,1307.166
B-1,Geschwisterliebe,1312.0,1313.666
B-1,Geschwisterliebe,1316.0,1317.833
B-1,Geschwisterliebe,1317.0,1318.833
B-1,Liebe,216.0,217.5
B-1,Liebe,217.0,218.5
B-1,Liebe,287.0,288.5
B-1,Liebe,291.0,292.5
B-1,Liebe,292.0,293.5
B-1,Liebe,293.0,294.5
B-1,Liebe,333.0,335.5
B-1,Liebe,335.0,337.999
B-1,Liebe,376.0,377.5
B-1,Liebe,377.0,378.5
B-1,Liebe,378.0,379.5
B-1,Liebe,468.25,469.625
B-1,Liebe,469.25,470.999
B-1,Liebe,562.0,563.5
B-1,Liebe,563.0,564.5
B-1,Liebe,592.0,593.625
B-1,Liebe,826.625,827.999
B-1,Liebe,829.625,831.5
B-1,Liebe,1136.0,1137.999
B-1,Liebe,1138.0,1139.999
B-1,Liebe,1144.0,1145.999
B-1,Liebe,1146.0,1147.999
B-1,Liebe,1148.0,1149.999
B-1,Liebe,1150.0,1151.999
B-1,Liebe,1157.0,1158.333
B-1,Liebe,1159.0,1160.333
B-1,Liebe,1163.0,1164.666
B-1,Liebe,1178.0,1179.999
B-1,Liebe,1180.0,1181.666
B-1,Liebe,1194.0,1195.666
B-1,Liebe,1198.0,1199.666
B-1,Liebe,1212.0,1213.25
B-1,Liebe,1238.0,1239.5
B-1,Liebe,1239.0,1240.666
B-1,Liebe,1251.0,1252.999
B-1,Liebe,1252.0,1253.999
B-1,Liebe,1320.0,1321.999
B-1,Liebe,1469.5,1471.875
B-1,Liebe,1471.5,1473.75
B-1,Liebe,1491.0,1492.625
B-1,Liebe,1492.0,1493.166
B-1,Liebe,1502.0,1503.125
B-1,Liebe,1502.5,1504.125
B-1,Liebe,1503.5,1504.5
B-1,Schwert,763.833,765.875
B-1,Schwert,765.875,767.999
B-1,Schwert,770.0,772.625
B-1,Schwert,791.0,791.999
B-1,Schwert,799.0,799.999
B-1,Schwert,803.0,804.25
B-1,Schwert,806.0,807.999
B-1,Schwert,848.875,850.999
B-1,Schwert,856.875,858.999
B-1,Schwert,862.875,864.999
B-1,Schwert,869.875,872.25
B-1,Schwert,877.875,879.999
B-1,Schwert,879.875,881.999
B-1,Schwert,888.875,890.999
B-1,Schwert,900.0,901.999
B-1,Schwert,909.875,911.999
B-1,Schwert,949.875,951.999
B-1,Schwert,985.833,988.333
B-1,Schwert,987.833,989.999
B-1,Schwert,989.833,991.999
B-1,Schwert,991.833,993.999
B-1,Schwert,993.833,995.666
B-1,Schwert,997.833,999.999
B-1,Schwert,1008.875,1010.999
B-1,Schwert,1322.833,1324.666
B-1,Schwert,1324.833,1326.666
B-1,Schwert,1385.0,1385.999
B-1,Schwert,1387.0,1388.375
B-1,Schwert,1390.875,1392.25
B-1,Schwert,1392.875,1395.5
B-1,Schwert,1437.0,1439.5
B-1,Schwert,1439.75,1441.75
B-1,Schwert,1462.875,1465.25
B-1,Schwert,1497.875,1499.875
B-1,Schwert,1499.875,1501.999
B-1,Vertrag,431.25,433.999
B-1,Vertrag,813.0,815.125
B-1,Vertrag,1393.0,1395.5
B-1,Walhall-b,557.0,558.666
B-1,Walhall-b,964.0,964.999
B-1,Walhall-b,966.0,966.999
B-1,Walhall-b,967.0,967.999
B-1,Walhall-b,968.0,968.999
B-1,Walhall-b,969.0,969.999
B-1,Walhall-b,970.0,970.999
B-1,Walhall-b,971.0,971.999
B-1,Walhall-b,972.0,972.999
B-1,Walhall-b,974.0,974.999
B-1,Walhall-b,976.0,976.999
B-1,Walhall-b,1013.0,1013.999
B-1,Walhall-b,1015.0,1015.999
B-1,Walhall-b,1017.0,1017.999
B-1,Walhall-b,1019.0,1019.999
B-1,Walhall-b,1270.0,1270.999
B-1,Walhall-b,1272.0,1272.999
B-1,Walhall-b,1273.0,1273.999
B-1,Walhall-b,1274.0,1274.999
B-1,Walhall-b,1275.0,1275.999
B-1,Walhall-b,1276.0,1276.999
B-1,Walhall-b,1328.0,1328.999
B-1,Walhall-b,1330.0,1330.999
B-1,Walhall-b,1332.0,1332.999
B-1,Walhall-b,1334.0,1334.999
B-1,Walhall-b,1336.0,1336.999
B-1,Walhall-b,1338.0,1338.999
B-1,Walhall-b,1340.0,1340.999
B-1,Walhall-b,1363.75,1364.25
B-1,Walhall-b,1364.25,1364.75
B-1,Walhall-b,1364.75,1365.5
B-2,Geschwisterliebe,3.0,3.888
B-2,Geschwisterliebe,4.0,4.888
B-2,Geschwisterliebe,5.0,6.111
B-2,Geschwisterliebe,5.666,6.777
B-2,Geschwisterliebe,6.333,7.444
B-2,Geschwisterliebe,7.0,8.444
B-2,Geschwisterliebe,10.0,10.888
B-2,Geschwisterliebe,11.0,11.888
B-2,Geschwisterliebe,12.0,13.111
B-2,Geschwisterliebe,12.666,13.777
B-2,Geschwisterliebe,13.333,14.444
B-2,Geschwisterliebe,14.0,15.222
B-2,Geschwisterliebe,17.0,17.888
B-2,Geschwisterliebe,21.0,21.888
B-2,Geschwisterliebe,22.0,22.888
B-2,Geschwisterliebe,25.0,26.888
B-2,Geschwisterliebe,27.0,28.888
B-2,Geschwisterliebe,31.0,32.111
B-2,Geschwisterliebe,31.666,32.777
B-2,Geschwisterliebe,32.333,33.444
B-2,Geschwisterliebe,33.0,34.111
B-2,Geschwisterliebe,33.666,34.777
B-2,Geschwisterliebe,46.0,47.888
B-2,Geschwisterliebe,48.0,49.888
B-2,Geschwisterliebe,649.75,651.75
B-2,Geschwisterliebe,651.75,653.75
B-2,Geschwisterliebe,899.75,902.999
B-2,Geschwisterliebe,902.0,904.75
B-2,Geschwisterliebe,1158.833,1159.888
B-2,Geschwisterliebe,1159.888,1160.888
B-2,Geschwisterliebe,1160.888,1161.777
B-2,Geschwisterliebe,1161.888,1162.777
B-2,Geschwisterliebe,1162.888,1163.888
B-2,Geschwisterliebe,1163.888,1164.888
B-2,Geschwisterliebe,1164.888,1165.777
B-2,Geschwisterliebe,1165.888,1166.777
B-2,Geschwisterliebe,1167.0,1167.777
B-2,Geschwisterliebe,1167.333,1168.444
B-2,Geschwisterliebe,1168.0,1169.111
B-2,Geschwisterliebe,1168.666,1169.777
B-2,Geschwisterliebe,1169.333,1170.111
B-2,Geschwisterliebe,1170.0,1170.333
B-2,Geschwisterliebe,1170.333,1170.666
B-2,Geschwisterliebe,1170.666,1170.999
B-2,Geschwisterliebe,1180.0,1180.888
B-2,Geschwisterliebe,1181.0,1181.888
B-2,Geschwisterliebe,1184.0,1184.888
B-2,Geschwisterliebe,1185.0,1185.888
B-2,Geschwisterliebe,1186.0,1186.777
B-2,Geschwisterliebe,1186.333,1187.444
B-2,Geschwisterliebe,1187.0,1188.111
B-2,Geschwisterliebe,1187.666,1188.777
B-2,Geschwisterliebe,1191.0,1191.888
B-2,Geschwisterliebe,1192.0,1192.888
B-2,Geschwisterliebe,1195.0,1195.777
B-2,Geschwisterliebe,1195.333,1196.444
B-2,Geschwisterliebe,1196.0,1197.111
B-2,Geschwisterliebe,1196.666,1197.777
B-2,Geschwisterliebe,1197.333,1198.444
B-2,Geschwisterliebe,1198.0,1199.111
B-2,Geschwisterliebe,1198.666,1199.777
B-2,Geschwisterliebe,1202.333,1202.888
B-2,Geschwisterliebe,1202.666,1203.666
B-2,Geschwisterliebe,1204.333,1204.888
B-2,Geschwisterliebe,1204.666,1205.777
B-2,Geschwisterliebe,1210.0,1210.666
B-2,Geschwisterliebe,1211.0,1211.666
B-2,Geschwisterliebe,1212.0,1212.888
B-2,Geschwisterliebe,1213.0,1213.777
B-2,Geschwisterliebe,1214.0,1214.888
B-2,Geschwisterliebe,1215.0,1215.777
B-2,Geschwisterliebe,1216.0,1216.888
B-2,Geschwisterliebe,1217.0,1217.555
B-2,Geschwisterliebe,1217.555,1218.222
B-2,Geschwisterliebe,1218.222,1218.888
B-2,Geschwisterliebe,1218.888,1219.777
B-2,Geschwisterliebe,1219.333,1220.222
B-2,Geschwisterliebe,1220.333,1221.111
B-2,Geschwisterliebe,1220.666,1221.777
B-2,Geschwisterliebe,1221.333,1222.111
B-2,Geschwisterliebe,1224.333,1225.222
B-2,Geschwisterliebe,1227.333,1228.833
B-2,Geschwisterliebe,1240.0,1240.999
B-2,Geschwisterliebe,1241.0,1241.999
B-2,Geschwisterliebe,1242.0,1242.999
B-2,Geschwisterliebe,1243.0,1243.999
B-2,Geschwisterliebe,1244.0,1244.999
B-2,Geschwisterliebe,1245.0,1245.999
B-2,Geschwisterliebe,1248.0,1250.666
B-2,Geschwisterliebe,1250.666,1252.666
B-2,Geschwisterliebe,1252.666,1254.666
B-2,Geschwisterliebe,1267.666,1269.333
B-2,Geschwisterliebe,1269.666,1271.666
B-2,Geschwisterliebe,1271.666,1272.999
B-2,Geschwisterliebe,1273.666,1274.999
B-2,Geschwisterliebe,1277.666,1278.999
B-2,Geschwisterliebe,1281.666,1282.999
B-2,Geschwisterliebe,1289.333,1289.999
B-2,Geschwisterliebe,1290.0,1290.666
B-2,Geschwisterliebe,1435.0,1438.999
B-2,Geschwisterliebe,1439.0,1441.999
B-2,Geschwisterliebe,1442.0,1445.333
B-2,Geschwisterliebe,1447.0,1450.666
B-2,Geschwisterliebe,1452.0,1455.5
B-2,Geschwisterliebe,1673.25,1673.999
B-2,Geschwisterliebe,1673.75,1674.5
B-2,Geschwisterliebe,1674.5,1675.25
B-2,Geschwisterliebe,1676.0,1676.75
B-2,Geschwisterliebe,1677.0,1677.75
B-2,Geschwisterliebe,1677.5,1678.25
B-2,Geschwisterliebe,1702.0,1702.75
B-2,Geschwisterliebe,1702.5,1703.5
B-2,Geschwisterliebe,1717.0,1717.75
B-2,Geschwisterliebe,1723.5,1724.25
B-2,Geschwisterliebe,1725.5,1726.25
B-2,Geschwisterliebe,1737.0,1737.75
B-2,Geschwisterliebe,1737.5,1738.25
B-2,Geschwisterliebe,1748.5,1749.25
B-2,Geschwisterliebe,1750.5,1751.25
B-2,Geschwisterliebe,1827.0,1827.75
B-2,Geschwisterliebe,1827.5,1828.25
B-2,Geschwisterliebe,1828.0,1828.75
B-2,Geschwisterliebe,1828.5,1829.25
B-2,Geschwisterliebe,1835.0,1836.25
B-2,Geschwisterliebe,1835.5,1837.25
B-2,Geschwisterliebe,1836.5,1838.25
B-2,Geschwisterliebe,1837.5,1839.25
B-2,Geschwisterliebe,1843.0,1843.5
B-2,Geschwisterliebe,1843.25,1843.999
B-2,Geschwisterliebe,1843.75,1844.5
B-2,Geschwisterliebe,1844.25,1844.999
B-2,Geschwisterliebe,1844.75,1845.5
B-2,Geschwisterliebe,1845.25,1845.999
B-2,Geschwisterliebe,1886.0,1887.25
B-2,Geschwisterliebe,1886.5,1888.25
B-2,Geschwisterliebe,1887.5,1889.125
B-2,Geschwisterliebe,1889.5,1890.75
B-2,Geschwisterliebe,1890.5,1891.125
B-2,Liebe,193.0,194.999
B-2,Liebe,195.0,196.999
B-2,Liebe,240.0,241.999
B-2,Liebe,241.666,243.999
B-2,Liebe,244.0,245.999
B-2,Liebe,245.0,246.166
B-2,Liebe,247.0,248.999
B-2,Liebe,653.75,656.25
B-2,Liebe,655.5,658.25
B-2,Liebe,657.5,660.999
B-2,Liebe,1229.0,1230.999
B-2,Liebe,1230.666,1232.5
B-2,Liebe,1232.0,1233.5
B-2,Liebe,1233.0,1234.333
B-2,Liebe,1234.0,1235.333
B-2,Liebe,1235.0,1236.999
B-2,Liebe,1236.0,1237.999
B-2,Liebe,1312.666,1314.333
B-2,Liebe,1314.666,1316.333
B-2,Liebe,1320.0,1321.666
B-2,Liebe,1321.666,1323.666
B-2,Liebe,1381.333,1383.833
B-2,Liebe,1454.0,1456.999
B-2,Liebe,1457.0,1458.5
B-2,Liebe,1458.0,1459.5
B-2,Liebe,1459.0,1460.666
B-2,Liebe,1460.666,1462.999
B-2,Liebe,1602.0,1603.5
B-2,Liebe,1603.25,1604.375
B-2,Liebe,1849.0,1850.625
B-2,Liebe,1850.25,1851.625
B-2,Liebe,1851.0,1852.625
B-2,Liebe,1852.0,1852.999
B-2,Liebe,1856.0,1856.999
B-2,Nibelungenhass,953.875,954.833
B-2,Nibelungenhass,954.875,955.833
B-2,Nibelungenhass,955.875,956.833
B-2,Nibelungenhass,956.875,957.833
B-2,Nibelungenhass,957.875,958.833
B-2,Nibelungenhass,958.875,959.833
B-2,Nibelungenhass,959.875,960.833
B-2,Nibelungenhass,960.875,961.833
B-2,Nibelungenhass,967.875,968.833
B-2,Nibelungenhass,968.875,969.875
B-2,Nibelungenhass,968.875,969.833
B-2,Nibelungenhass,969.875,970.833
B-2,Nibelungenhass,970.875,971.875
B-2,Nibelungenhass,971.875,972.875
B-2,Riesen,800.0,800.5
B-2,Riesen,802.5,802.999
B-2,Ring,367.0,369.25
B-2,Ring,369.0,371.5
B-2,Ring,710.0,711.999
B-2,Ring,778.5,780.25
B-2,Ring,781.0,782.999
B-2,Ring,787.5,788.875
B-2,Ring,788.875,790.625
B-2,Ring,797.5,798.999
B-2,Ring,895.75,897.25
B-2,Schicksal,1462.0,1464.25
B-2,Schicksal,1466.0,1468.25
B-2,Schicksal,1474.0,1476.25
B-2,Schicksal,1478.0,1480.25
B-2,Schicksal,1491.0,1493.25
B-2,Schicksal,1495.0,1497.25
B-2,Schicksal,1503.0,1505.25
B-2,Schicksal,1506.0,1508.25
B-2,Schicksal,1517.0,1519.25
B-2,Schicksal,1520.0,1522.25
B-2,Schicksal,1523.0,1524.75
B-2,Schicksal,1524.0,1525.5
B-2,Schicksal,1618.0,1619.875
B-2,Schicksal,1620.0,1622.25
B-2,Schicksal,1628.0,1629.625
B-2,Schicksal,1636.0,1637.75
B-2,Schicksal,1638.0,1639.75
B-2,Schicksal,1650.0,1651.999
B-2,Schicksal,1657.0,1658.875
B-2,Schicksal,1659.0,1660.999
B-2,Schicksal,1709.5,1710.375
B-2,Schicksal,1845.75,1847.875
B-2,Schicksal,1848.0,1849.875
B-2,Schicksal,1861.0,1862.999
B-2,Schicksal,2000.0,2001.875
B-2,Schicksal,2002.0,2004.125
B-2,Schicksal,2015.0,2016.625
B-2,Schicksal,2017.0,2018.625
B-2,Schicksal,2019.0,2022.5
B-2,Schwert,0.888,2.999
B-2,Schwert,7.888,9.999
B-2,Schwert,19.888,21.888
B-2,Schwert,41.888,43.999
B-2,Schwert,273.0,274.999
B-2,Schwert,356.0,358.5
B-2,Schwert,409.0,410.999
B-2,Schwert,518.0,519.999
B-2,Schwert,922.375,924.999
B-2,Schwert,1024.0,1025.999
B-2,Schwert,1346.0,1347.5
B-2,Schwert,1422.875,1424.875
B-2,Schwert,1663.375,1665.999
B-2,Schwert,1768.938,1770.25
B-2,Schwert,1896.938,1897.999
B-2,Schwert,1899.0,1900.188
B-2,Schwert,1969.875,1971.999
B-2,Schwert,1973.875,1975.5
B-2,Schwert,1976.875,1978.25
B-2,Schwert,1983.5,1986.375
B-2,Schwert,1987.938,1988.875
B-2,Unmuth,417.5,419.875
B-2,Unmuth,421.5,423.875
B-2,Unmuth,425.5,427.875
B-2,Unmuth,429.5,431.5
B-2,Unmuth,431.0,432.5
B-2,Unmuth,438.5,440.875
B-2,Unmuth,478.5,482.875
B-2,Unmuth,487.5,490.875
B-2,Unmuth,496.5,498.25
B-2,Unmuth,503.5,506.25
B-2,Unmuth,510.5,512.375
B-2,Unmuth,512.5,514.375
B-2,Unmuth,514.5,516.5
B-2,Unmuth,516.0,517.5
B-2,Unmuth,562.5,564.999
B-2,Unmuth,584.5,586.5
B-2,Unmuth,586.0,587.5
B-2,Unmuth,587.0,588.999
B-2,Unmuth,591.5,593.75
B-2,Unmuth,595.5,597.75
B-2,Unmuth,599.5,601.75
B-2,Unmuth,602.5,604.75
B-2,Unmuth,605.5,607.999
B-2,Unmuth,687.5,690.999
B-2,Unmuth,701.75,702.999
B-2,Unmuth,816.25,817.25
B-2,Unmuth,822.75,823.75
B-2,Unmuth,836.75,837.75
B-2,Unmuth,839.75,840.938
B-2,Unmuth,847.25,848.375
B-2,Unmuth,848.25,849.375
B-2,Unmuth,849.25,850.375
B-2,Unmuth,850.25,851.25
B-2,Unmuth,882.25,883.125
B-2,Unmuth,884.25,885.125
B-2,Unmuth,1107.5,1109.625
B-2,Unmuth,1114.5,1117.25
B-2,Unmuth,1140.666,1142.833
B-2,Unmuth,1150.333,1152.833
B-2,Unmuth,2038.5,2040.875
B-2,Vertrag,364.0,366.25
B-2,Vertrag,402.0,404.25
B-2,Vertrag,558.0,560.25
B-2,Vertrag,813.313,814.5
B-2,Vertrag,1044.0,1046.999
B-2,Vertrag,1988.0,1990.999
B-2,Vertrag,2030.0,2032.25
B-2,Walhall-b,1539.0,1540.875
B-2,Walhall-b,1541.0,1542.999
B-2,Walhall-b,1558.0,1559.652
B-2,Walhall-b,1559.0,1560.999
B-2,Walhall-b,1574.0,1575.25
B-3,Feuerzauber,1471.0,1471.999
B-3,Feuerzauber,1472.0,1472.999
B-3,Feuerzauber,1473.0,1473.999
B-3,Feuerzauber,1474.0,1474.999
B-3,Feuerzauber,1475.0,1476.5
B-3,Feuerzauber,1477.0,1478.5
B-3,Feuerzauber,1479.0,1479.999
B-3,Feuerzauber,1480.0,1480.999
B-3,Feuerzauber,1481.0,1481.999
B-3,Feuerzauber,1482.0,1482.999
B-3,Feuerzauber,1483.0,1483.999
B-3,Feuerzauber,1484.0,1484.999
B-3,Feuerzauber,1485.0,1485.999
B-3,Feuerzauber,1535.0,1535.999
B-3,Feuerzauber,1536.0,1536.999
B-3,Feuerzauber,1537.0,1537.999
B-3,Feuerzauber,1538.0,1538.999
B-3,Feuerzauber,1539.0,1540.25
B-3,Feuerzauber,1541.0,1542.25
B-3,Feuerzauber,1543.0,1543.999
B-3,Feuerzauber,1544.0,1544.999
B-3,Feuerzauber,1545.0,1545.5
B-3,Feuerzauber,1661.0,1662.25
B-3,Feuerzauber,1664.0,1665.25
B-3,Feuerzauber,1674.0,1675.5
B-3,Feuerzauber,1676.0,1677.25
B-3,Feuerzauber,1678.0,1679.5
B-3,Feuerzauber,1680.0,1681.25
B-3,Feuerzauber,1682.0,1683.25
B-3,Feuerzauber,1684.0,1684.999
B-3,Feuerzauber,1685.0,1685.999
B-3,Feuerzauber,1686.0,1686.999
B-3,Feuerzauber,1687.0,1687.999
B-3,Feuerzauber,1688.0,1688.999
B-3,Feuerzauber,1689.0,1689.999
B-3,Feuerzauber,1690.0,1690.999
B-3,Feuerzauber,1691.0,1691.999
B-3,Feuerzauber,1692.0,1692.999
B-3,Feuerzauber,1693.0,1693.999
B-3,Feuerzauber,1694.0,1694.999
B-3,Feuerzauber,1695.0,1695.999
B-3,Feuerzauber,1696.0,1696.999
B-3,Feuerzauber,1697.0,1697.999
B-3,Feuerzauber,1698.0,1698.999
B-3,Feuerzauber,1699.0,1699.999
B-3,Feuerzauber,1700.0,1700.999
B-3,Feuerzauber,1701.0,1701.999
B-3,Feuerzauber,1702.0,1702.999
B-3,Feuerzauber,1703.0,1703.999
B-3,Feuerzauber,1704.0,1704.999
B-3,Feuerzauber,1705.0,1705.999
B-3,Feuerzauber,1706.0,1706.999
B-3,Feuerzauber,1707.0,1707.999
B-3,Feuerzauber,1708.0,1708.999
B-3,Feuerzauber,1709.0,1709.999
B-3,Feuerzauber,1710.0,1710.999
B-3,Feuerzauber,1711.0,1711.999
B-3,Feuerzauber,1712.0,1712.999
B-3,Feuerzauber,1713.0,1713.999
B-3,Feuerzauber,1714.0,1714.999
B-3,Feuerzauber,1715.0,1715.999
B-3,Feuerzauber,1716.0,1716.999
B-3,Feuerzauber,1717.0,1717.999
B-3,Feuerzauber,1718.0,1718.999
B-3,Feuerzauber,1719.0,1719.999
B-3,Feuerzauber,1720.0,1720.999
B-3,Feuerzauber,1721.0,1721.999
B-3,Feuerzauber,1722.0,1722.999
B-3,Feuerzauber,1723.0,1723.999
B-3,Feuerzauber,1724.0,1724.999
B-3,Feuerzauber,1725.0,1725.999
B-3,Feuerzauber,1726.0,1726.999
B-3,Feuerzauber,1727.0,1727.999
B-3,Feuerzauber,1728.0,1728.999
B-3,Feuerzauber,1729.0,1729.999
B-3,Feuerzauber,1730.0,1730.999
B-3,Geschwisterliebe,239.0,242.999
B-3,Geschwisterliebe,354.0,354.875
B-3,Geschwisterliebe,487.0,488.666
B-3,Geschwisterliebe,489.0,490.666
B-3,Liebe,1323.0,1325.25
B-3,Ring,458.0,459.938
B-3,Ritt,5.333,5.999
B-3,Ritt,6.333,6.999
B-3,Ritt,7.333,7.999
B-3,Ritt,8.333,8.999
B-3,Ritt,9.333,9.999
B-3,Ritt,10.333,10.999
B-3,Ritt,11.333,11.999
B-3,Ritt,12.333,12.999
B-3,Ritt,16.333,16.999
B-3,Ritt,17.333,17.999
B-3,Ritt,18.333,18.999
B-3,Ritt,19.333,19.999
B-3,Ritt,23.333,23.999
B-3,Ritt,24.333,24.999
B-3,Ritt,25.333,25.999
B-3,Ritt,26.333,26.999
B-3,Ritt,27.333,27.999
B-3,Ritt,30.333,30.999
B-3,Ritt,31.333,31.999
B-3,Ritt,32.333,32.999
B-3,Ritt,36.333,36.999
B-3,Ritt,67.333,67.999
B-3,Ritt,68.333,68.999
B-3,Ritt,70.333,70.999
B-3,Ritt,71.333,71.999
B-3,Ritt,72.333,72.999
B-3,Ritt,103.333,103.999
B-3,Ritt,104.333,104.999
B-3,Ritt,105.333,105.999
B-3,Ritt,106.333,106.999
B-3,Ritt,107.333,107.999
B-3,Ritt,108.333,108.999
B-3,Ritt,109.333,109.999
B-3,Ritt,110.333,110.999
B-3,Ritt,111.333,111.999
B-3,Ritt,112.333,112.999
B-3,Ritt,113.333,113.999
B-3,Ritt,114.333,114.999
B-3,Ritt,115.333,115.999
B-3,Ritt,116.333,116.999
B-3,Ritt,117.333,117.999
B-3,Ritt,118.333,118.999
B-3,Ritt,119.333,119.999
B-3,Ritt,120.333,120.999
B-3,Ritt,121.333,121.999
B-3,Ritt,122.333,122.999
B-3,Ritt,216.333,216.999
B-3,Ritt,217.333,217.999
B-3,Ritt,218.333,218.999
B-3,Ritt,219.333,219.999
B-3,Ritt,220.333,220.999
B-3,Ritt,221.333,221.999
B-3,Ritt,222.333,222.999
B-3,Ritt,223.333,223.999
B-3,Ritt,224.333,224.999
B-3,Ritt,225.333,225.999
B-3,Ritt,226.333,226.999
B-3,Ritt,227.333,227.999
B-3,Ritt,228.333,228.999
B-3,Ritt,229.333,229.999
B-3,Ritt,230.333,230.999
B-3,Ritt,231.333,231.999
B-3,Ritt,232.333,232.999
B-3,Ritt,233.333,233.999
B-3,Ritt,234.333,234.999
B-3,Ritt,243.333,243.999
B-3,Ritt,244.333,244.999
B-3,Ritt,245.333,245.999
B-3,Ritt,248.333,248.999
B-3,Ritt,249.333,249.999
B-3,Ritt,250.333,250.999
B-3,Ritt,290.0,290.5
B-3,Ritt,290.5,290.999
B-3,Ritt,291.0,291.5
B-3,Ritt,291.5,291.999
B-3,Ritt,292.0,292.5
B-3,Ritt,292.5,292.999
B-3,Ritt,955.333,955.999
B-3,Ritt,956.333,956.999
B-3,Ritt,957.333,957.999
B-3,Ritt,958.333,958.999
B-3,Ritt,960.333,960.999
B-3,Ritt,961.333,961.999
B-3,Ritt,962.333,962.999
B-3,Ritt,964.333,964.999
B-3,Schicksal,1385.0,1386.999
B-3,Schicksal,1387.0,1388.999
B-3,Schicksal,1399.0,1400.875
B-3,Schicksal,1608.5,1609.999
B-3,Schicksal,1642.5,1643.5
B-3,Schicksal,1643.5,1644.999
B-3,Schicksal,1723.0,1724.625
B-3,Schicksal,1725.0,1726.999
B-3,Schwert,508.833,509.333
B-3,Schwert,530.916,533.5
B-3,Schwert,1379.875,1381.25
B-3,Siegfried,496.5,503.999
B-3,Siegfried,502.5,508.999
B-3,Siegfried,519.0,522.999
B-3,Siegfried,546.5,550.833
B-3,Siegfried,1356.875,1360.125
B-3,Siegfried,1367.875,1371.5
B-3,Siegfried,1441.625,1445.75
B-3,Siegfried,1548.75,1552.375
B-3,Siegfried,1693.75,1700.75
B-3,Siegfried,1701.75,1708.999
B-3,Unmuth,635.5,636.125
B-3,Unmuth,666.5,668.875
B-3,Unmuth,676.5,678.875
B-3,Unmuth,682.5,684.875
B-3,Unmuth,688.5,689.999
B-3,Unmuth,912.5,915.5
B-3,Unmuth,928.5,930.875
B-3,Unmuth,980.0,981.985
B-3,Unmuth,996.0,997.999
B-3,Unmuth,998.0,999.999
B-3,Unmuth,1000.0,1001.999
B-3,Unmuth,1027.833,1029.999
B-3,Unmuth,1031.166,1032.999
B-3,Unmuth,1032.166,1033.999
B-3,Unmuth,1033.166,1034.666
B-3,Unmuth,1034.166,1035.999
B-3,Unmuth,1036.166,1037.999
B-3,Unmuth,1038.166,1039.833
B-3,Unmuth,1046.0,1048.916
B-3,Unmuth,1069.0,1070.833
B-3,Unmuth,1073.0,1074.833
B-3,Unmuth,1099.0,1100.833
B-3,Unmuth,1101.0,1102.833
B-3,Unmuth,1103.0,1104.833
B-3,Unmuth,1181.0,1182.833
B-3,Vertrag,826.0,829.999
B-3,Vertrag,905.0,906.083
B-3,Vertrag,907.0,908.166
B-3,Vertrag,1464.25,1466.999
B-3,Vertrag,1647.0,1650.125
B-3,Vertrag,1659.0,1661.125
B-3,Waberlohe,1430.0,1431.125
B-3,Waberlohe,1431.0,1432.125
B-3,Waberlohe,1432.0,1433.125
B-3,Waberlohe,1433.0,1434.125
B-3,Waberlohe,1434.0,1435.125
B-3,Waberlohe,1435.0,1436.125
B-3,Waberlohe,1436.0,1437.125
B-3,Waberlohe,1437.0,1438.5
B-3,Waberlohe,1446.0,1447.125
B-3,Waberlohe,1447.0,1448.125
B-3,Waberlohe,1448.0,1449.125
B-3,Waberlohe,1449.0,1450.125
B-3,Waberlohe,1450.0,1451.125
B-3,Waberlohe,1451.0,1452.125
B-3,Waberlohe,1495.0,1496.5
B-3,Waberlohe,1496.0,1497.25
B-3,Waberlohe,1516.0,1517.999
B-3,Waberlohe,1518.0,1518.999
B-3,Waberlohe,1522.0,1523.999
B-3,Waberlohe,1524.0,1525.5
B-3,Waberlohe,1572.0,1573.999
B-3,Waberlohe,1573.0,1574.999
B-3,Waberlohe,1574.0,1575.875
B-3,Waberlohe,1575.0,1576.25
B-3,Waberlohe,1576.0,1577.5
B-3,Waberlohe,1577.0,1578.25
B-3,Waberlohe,1578.0,1579.25
B-3,Waberlohe,1579.0,1580.5
B-3,Waberlohe,1580.0,1580.625
B-3,Waberlohe,1580.5,1581.125
B-3,Waberlohe,1581.0,1581.625
B-3,Waberlohe,1581.5,1582.125
B-3,Waberlohe,1582.0,1582.625
B-3,Waberlohe,1582.5,1583.125
B-3,Waberlohe,1583.0,1583.999
B-3,Waberlohe,1583.0,1584.5
B-3,Waberlohe,1584.0,1584.999
B-3,Waberlohe,1584.5,1585.625
B-3,Waberlohe,1585.0,1585.75
B-3,Waberlohe,1591.0,1591.999
B-3,Waberlohe,1591.0,1592.5
B-3,Waberlohe,1592.0,1592.875
B-3,Waberlohe,1593.0,1593.999
B-3,Waberlohe,1598.0,1598.625
B-3,Waberlohe,1598.0,1598.999
B-3,Waberlohe,1601.5,1602.5
B-3,Waberlohe,1602.0,1602.999
B-3,Waberlohe,1603.0,1603.999
B-3,Waberlohe,1604.0,1604.625
B-3,Waberlohe,1604.5,1605.125
B-3,Waberlohe,1605.0,1605.625
B-3,Waberlohe,1606.0,1606.75
B-3,Waberlohe,1606.5,1607.875
B-3,Waberlohe,1608.0,1608.875
B-3,Waberlohe,1608.5,1609.25
B-3,Waberlohe,1626.5,1627.125
B-3,Waberlohe,1627.0,1627.625
B-3,Waberlohe,1627.5,1628.125
B-3,Waberlohe,1628.0,1628.625
B-3,Waberlohe,1628.5,1629.125
B-3,Waberlohe,1629.0,1629.625
B-3,Waberlohe,1629.5,1630.125
B-3,Waberlohe,1630.0,1630.625
B-3,Waberlohe,1630.5,1631.125
B-3,Waberlohe,1631.0,1631.625
B-3,Waberlohe,1631.5,1632.125
B-3,Waberlohe,1632.0,1632.625
B-3,Waberlohe,1632.5,1633.125
B-3,Waberlohe,1633.0,1633.625
B-3,Waberlohe,1634.0,1634.625
B-3,Waberlohe,1639.0,1639.625
B-3,Waberlohe,1639.5,1639.625
B-3,Waberlohe,1640.0,1640.625
B-3,Waberlohe,1640.5,1641.375
B-3,Waberlohe,1641.0,1641.675
B-3,Waberlohe,1641.5,1642.125
B-3,Waberlohe,1642.0,1642.999
B-3,Waberlohe,1643.0,1643.625
B-3,Waberlohe,1690.0,1691.25
B-3,Waberlohe,1691.0,1692.25
B-3,Waberlohe,1692.0,1693.25
B-3,Waberlohe,1693.0,1694.25
B-3,Waberlohe,1694.0,1695.25
B-3,Waberlohe,1695.0,1696.25
B-3,Waberlohe,1696.0,1697.25
B-3,Waberlohe,1697.0,1698.25
B-3,Waberlohe,1698.0,1699.25
B-3,Waberlohe,1699.0,1700.25
B-3,Waberlohe,1700.0,1701.25
B-3,Waberlohe,1701.0,1702.25
B-3,Waberlohe,1702.0,1703.25
B-3,Waberlohe,1703.0,1704.25
B-3,Waberlohe,1704.0,1705.25
B-3,Waberlohe,1705.0,1706.25
B-3,Waberlohe,1706.0,1707.25
B-3,Waberlohe,1707.0,1708.25
B-3,Waberlohe,1708.0,1709.25
B-3,Waberlohe,1709.0,1710.25
B-3,Waberlohe,1710.0,1711.25
B-3,Waberlohe,1711.0,1712.25
B-3,Waberlohe,1712.0,1713.25
B-3,Waberlohe,1713.0,1714.25
B-3,Waberlohe,1714.0,1715.25
B-3,Waberlohe,1715.0,1716.25
B-3,Waberlohe,1716.0,1717.25
B-3,Waberlohe,1717.0,1718.25
B-3,Waberlohe,1718.0,1719.25
B-3,Waberlohe,1719.0,1720.25
B-3,Waberlohe,1720.0,1721.25
B-3,Waberlohe,1721.0,1722.25
B-3,Waberlohe,1722.0,1723.625
C-1,Feuerzauber,2116.0,2117.25
C-1,Feuerzauber,2118.0,2119.25
C-1,Feuerzauber,2154.0,2155.25
C-1,Feuerzauber,2156.0,2157.25
C-1,Horn,252.0,253.5
C-1,Horn,255.0,256.5
C-1,Horn,258.0,258.999
C-1,Horn,259.0,259.999
C-1,Horn,260.0,260.5
C-1,Horn,260.5,260.999
C-1,Horn,261.0,261.5
C-1,Horn,261.5,261.999
C-1,Horn,262.0,263.5
C-1,Horn,266.0,266.999
C-1,Horn,267.0,267.999
C-1,Horn,268.0,269.5
C-1,Horn,271.0,271.999
C-1,Horn,272.0,272.999
C-1,Horn,273.0,273.999
C-1,Horn,274.0,274.999
C-1,Horn,275.0,275.999
C-1,Horn,276.0,276.999
C-1,Horn,282.0,282.999
C-1,Horn,283.0,283.999
C-1,Horn,284.0,284.5
C-1,Horn,284.5,284.999
C-1,Horn,285.0,285.5
C-1,Horn,285.5,285.999
C-1,Horn,286.0,286.999
C-1,Horn,287.0,287.999
C-1,Horn,288.5,288.999
C-1,Horn,289.5,289.999
C-1,Horn,305.0,307.999
C-1,Horn,539.0,540.999
C-1,Horn,2304.0,2305.5
C-1,Horn,2307.0,2308.5
C-1,Horn,2337.0,2338.5
C-1,Horn,2345.0,2345.999
C-1,Horn,2346.0,2346.999
C-1,Horn,2347.0,2348.5
C-1,Horn,2351.0,2351.999
C-1,Horn,2352.0,2352.999
C-1,Horn,2354.0,2355.5
C-1,Horn,2368.0,2369.5
C-1,Horn,2371.0,2372.5
C-1,Horn,2955.0,2957.999
C-1,Horn,2957.0,2959.999
C-1,Horn,2961.0,2963.999
C-1,Horn,2965.0,2967.999
C-1,Jugendkraft,342.0,343.999
C-1,Jugendkraft,344.0,345.999
C-1,Jugendkraft,346.0,346.999
C-1,Jugendkraft,347.0,347.999
C-1,Jugendkraft,348.0,348.999
C-1,Jugendkraft,349.0,349.999
C-1,Jugendkraft,354.0,355.999
C-1,Jugendkraft,358.0,359.999
C-1,Jugendkraft,362.0,362.999
C-1,Jugendkraft,363.0,363.999
C-1,Jugendkraft,364.0,364.999
C-1,Jugendkraft,365.0,365.999
C-1,Jugendkraft,366.0,366.999
C-1,Jugendkraft,367.0,367.999
C-1,Jugendkraft,368.0,368.999
C-1,Jugendkraft,369.0,369.999
C-1,Jugendkraft,370.0,370.999
C-1,Jugendkraft,371.0,371.999
C-1,Jugendkraft,372.0,372.999
C-1,Jugendkraft,373.0,373.999
C-1,Jugendkraft,374.0,375.999
C-1,Jugendkraft,378.0,379.999
C-1,Jugendkraft,380.0,381.999
C-1,Jugendkraft,382.0,382.999
C-1,Jugendkraft,383.0,383.999
C-1,Jugendkraft,402.0,403.999
C-1,Jugendkraft,406.0,407.999
C-1,Jugendkraft,408.0,409.999
C-1,Jugendkraft,410.0,410.999
C-1,Jugendkraft,411.0,411.999
C-1,Jugendkraft,412.0,412.999
C-1,Jugendkraft,413.0,413.999
C-1,Jugendkraft,418.0,419.999
C-1,Jugendkraft,420.0,421.999
C-1,Jugendkraft,422.0,423.999
C-1,Jugendkraft,424.0,425.999
C-1,Jugendkraft,426.0,427.999
C-1,Jugendkraft,428.0,429.999
C-1,Jugendkraft,430.0,431.999
C-1,Jugendkraft,432.0,433.999
C-1,Jugendkraft,462.0,463.999
C-1,Jugendkraft,494.0,495.999
C-1,Jugendkraft,608.333,609.666
C-1,Jugendkraft,615.333,616.666
C-1,Jugendkraft,622.333,623.666
C-1,Jugendkraft,629.333,630.666
C-1,Jugendkraft,631.333,631.999
C-1,Jugendkraft,632.0,632.999
C-1,Jugendkraft,633.0,633.999
C-1,Jugendkraft,634.0,634.999
C-1,Jugendkraft,635.0,635.999
C-1,Jugendkraft,636.0,636.999
C-1,Jugendkraft,637.0,637.999
C-1,Jugendkraft,638.0,638.999
C-1,Jugendkraft,639.0,639.999
C-1,Jugendkraft,640.0,640.999
C-1,Jugendkraft,641.0,641.999
C-1,Jugendkraft,662.0,663.999
C-1,Jugendkraft,664.0,665.999
C-1,Jugendkraft,674.0,675.999
C-1,Jugendkraft,852.666,853.333
C-1,Jugendkraft,918.0,919.999
C-1,Jugendkraft,920.0,921.999
C-1,Jugendkraft,922.0,923.999
C-1,Jugendkraft,1132.0,1133.999
C-1,Jugendkraft,1134.0,1135.999
C-1,Jugendkraft,1136.0,1137.999
C-1,Jugendkraft,1138.0,1139.999
C-1,Jugendkraft,1140.0,1141.999
C-1,Jugendkraft,1142.0,1143.999
C-1,Jugendkraft,1144.0,1145.999
C-1,Jugendkraft,1146.0,1147.999
C-1,Jugendkraft,1197.0,1197.999
C-1,Jugendkraft,1198.333,1199.666
C-1,Jugendkraft,1200.333,1201.666
C-1,Jugendkraft,1202.333,1203.666
C-1,Jugendkraft,1204.333,1204.999
C-1,Jugendkraft,1806.0,1807.999
C-1,Jugendkraft,1808.0,1809.999
C-1,Jugendkraft,1810.0,1811.999
C-1,Jugendkraft,1812.0,1812.999
C-1,Jugendkraft,1813.0,1813.999
C-1,Jugendkraft,1814.0,1814.999
C-1,Jugendkraft,1815.0,1815.999
C-1,Jugendkraft,1816.0,1816.999
C-1,Jugendkraft,1817.0,1817.999
C-1,Jugendkraft,1818.0,1819.999
C-1,Jugendkraft,1820.0,1821.999
C-1,Jugendkraft,1822.0,1823.999
C-1,Jugendkraft,1824.0,1825.999
C-1,Jugendkraft,1826.0,1827.999
C-1,Jugendkraft,1828.0,1829.999
C-1,Jugendkraft,1830.0,1831.999
C-1,Jugendkraft,1969.0,1969.999
C-1,Jugendkraft,1970.0,1970.999
C-1,Jugendkraft,1971.0,1971.999
C-1,Jugendkraft,1972.0,1972.999
C-1,Jugendkraft,1976.0,1976.999
C-1,Jugendkraft,1977.0,1977.999
C-1,Jugendkraft,1978.0,1978.999
C-1,Jugendkraft,1979.0,1979.999
C-1,Jugendkraft,1980.0,1980.999
C-1,Jugendkraft,1986.0,1986.5
C-1,Jugendkraft,1987.0,1987.5
C-1,Jugendkraft,1988.0,1988.999
C-1,Jugendkraft,2009.0,2009.5
C-1,Jugendkraft,2010.0,2010.5
C-1,Jugendkraft,2011.0,2011.5
C-1,Jugendkraft,2011.5,2011.999
C-1,Jugendkraft,2027.0,2027.5
C-1,Jugendkraft,2027.5,2027.999
C-1,Jugendkraft,2028.0,2028.498
C-1,Jugendkraft,2028.5,2028.997
C-1,Jugendkraft,2046.5,2046.999
C-1,Jugendkraft,2047.0,2047.5
C-1,Jugendkraft,2047.5,2047.999
C-1,Jugendkraft,2093.5,2093.999
C-1,Jugendkraft,2094.5,2094.999
C-1,Jugendkraft,2095.0,2095.5
C-1,Jugendkraft,2095.5,2095.999
C-1,Jugendkraft,2096.5,2096.999
C-1,Jugendkraft,2097.0,2097.5
C-1,Jugendkraft,2097.5,2097.999
C-1,Jugendkraft,2209.0,2209.999
C-1,Jugendkraft,2210.0,2210.999
C-1,Jugendkraft,2211.0,2211.999
C-1,Jugendkraft,2212.0,2212.999
C-1,Jugendkraft,2213.0,2213.999
C-1,Jugendkraft,2214.0,2214.999
C-1,Jugendkraft,2215.0,2215.999
C-1,Jugendkraft,2216.0,2216.999
C-1,Jugendkraft,2218.0,2218.999
C-1,Jugendkraft,2252.0,2253.999
C-1,Jugendkraft,2254.0,2255.999
C-1,Liebe,983.25,984.25
C-1,Liebe,984.25,985.625
C-1,Liebe,985.0,986.625
C-1,Liebe,986.0,987.25
C-1,Liebe,987.0,988.5
C-1,Liebe,989.0,990.25
C-1,Mime,434.0,434.999
C-1,Mime,435.0,435.999
C-1,Mime,436.0,436.999
C-1,Mime,437.0,437.999
C-1,Mime,438.0,438.999
C-1,Mime,439.0,439.999
C-1,Mime,440.0,440.999
C-1,Mime,441.0,441.999
C-1,Mime,442.0,442.999
C-1,Mime,443.0,443.999
C-1,Mime,444.0,444.999
C-1,Mime,445.0,445.999
C-1,Mime,446.0,446.999
C-1,Mime,447.0,447.999
C-1,Mime,448.0,448.999
C-1,Mime,449.0,449.999
C-1,Mime,468.0,468.999
C-1,Mime,470.0,470.999
C-1,Mime,472.0,472.999
C-1,Mime,473.0,473.999
C-1,Mime,474.0,474.999
C-1,Mime,475.0,475.999
C-1,Mime,476.0,476.999
C-1,Mime,477.0,477.999
C-1,Mime,478.0,478.999
C-1,Mime,479.0,479.999
C-1,Mime,480.0,480.999
C-1,Mime,481.0,481.999
C-1,Mime,482.0,482.999
C-1,Mime,483.0,483.999
C-1,Mime,484.0,484.999
C-1,Mime,485.0,485.999
C-1,Mime,486.0,486.999
C-1,Mime,487.0,487.999
C-1,Mime,490.0,490.999
C-1,Mime,491.0,491.999
C-1,Mime,492.0,492.999
C-1,Mime,493.0,493.999
C-1,Mime,500.0,500.5
C-1,Mime,500.5,500.999
C-1,Mime,501.0,501.5
C-1,Mime,501.5,501.999
C-1,Mime,502.0,502.5
C-1,Mime,502.5,502.999
C-1,Mime,503.0,503.5
C-1,Mime,503.5,503.999
C-1,Mime,504.0,504.5
C-1,Mime,504.5,504.999
C-1,Mime,505.0,505.5
C-1,Mime,505.5,505.999
C-1,Mime,506.0,506.5
C-1,Mime,506.5,506.999
C-1,Mime,507.0,507.5
C-1,Mime,508.0,508.5
C-1,Mime,509.0,509.5
C-1,Mime,510.0,510.5
C-1,Mime,511.0,511.5
C-1,Mime,511.5,511.999
C-1,Mime,513.0,513.999
C-1,Mime,515.0,515.999
C-1,Mime,517.0,517.999
C-1,Mime,519.0,519.999
C-1,Mime,521.0,521.999
C-1,Mime,523.0,523.999
C-1,Mime,525.0,525.999
C-1,Mime,527.0,527.999
C-1,Mime,529.0,529.999
C-1,Mime,531.0,531.999
C-1,Mime,533.0,533.999
C-1,Mime,535.0,535.999
C-1,Mime,537.0,537.999
C-1,Mime,539.0,539.999
C-1,Mime,541.0,541.999
C-1,Mime,543.0,543.999
C-1,Mime,546.0,546.999
C-1,Mime,547.0,547.999
C-1,Mime,551.0,551.999
C-1,Mime,552.0,552.999
C-1,Mime,553.0,553.999
C-1,Mime,554.0,554.999
C-1,Mime,555.0,555.999
C-1,Mime,558.0,558.999
C-1,Mime,559.0,559.999
C-1,Mime,560.0,560.999
C-1,Mime,561.0,561.999
C-1,Mime,562.0,562.999
C-1,Mime,563.0,563.999
C-1,Mime,564.0,564.999
C-1,Mime,565.0,565.999
C-1,Mime,566.0,566.999
C-1,Mime,567.0,567.999
C-1,Mime,569.0,569.999
C-1,Mime,571.0,571.999
C-1,Mime,573.0,573.999
C-1,Mime,574.0,574.999
C-1,Mime,576.0,576.999
C-1,Mime,578.333,578.999
C-1,Mime,579.0,579.999
C-1,Mime,580.333,580.999
C-1,Mime,581.0,581.999
C-1,Mime,582.333,582.999
C-1,Mime,584.333,584.999
C-1,Mime,586.333,586.999
C-1,Mime,588.333,588.999
C-1,Mime,589.333,589.999
C-1,Mime,610.0,610.999
C-1,Mime,611.0,611.999
C-1,Mime,612.0,612.999
C-1,Mime,613.0,613.999
C-1,Mime,614.0,614.999
C-1,Mime,617.0,617.999
C-1,Mime,618.0,618.999
C-1,Mime,619.0,619.999
C-1,Mime,620.0,620.999
C-1,Mime,621.0,621.999
C-1,Mime,624.0,624.999
C-1,Mime,625.0,625.999
C-1,Mime,626.0,626.999
C-1,Mime,627.0,627.999
C-1,Mime,628.0,628.999
C-1,Mime,642.0,642.999
C-1,Mime,644.0,644.999
C-1,Mime,646.0,646.999
C-1,Mime,647.0,647.999
C-1,Mime,648.0,648.999
C-1,Mime,649.0,649.999
C-1,Mime,650.0,650.999
C-1,Mime,651.0,651.999
C-1,Mime,652.0,652.999
C-1,Mime,653.0,653.999
C-1,Mime,654.0,654.999
C-1,Mime,655.0,655.999
C-1,Mime,656.0,656.999
C-1,Mime,657.0,657.999
C-1,Mime,658.0,658.999
C-1,Mime,659.0,659.999
C-1,Mime,660.0,660.999
C-1,Mime,727.0,727.999
C-1,Mime,728.0,728.999
C-1,Mime,729.0,729.999
C-1,Mime,730.0,730.999
C-1,Mime,731.0,731.999
C-1,Mime,733.0,733.999
C-1,Mime,949.0,949.5
C-1,Mime,949.5,949.999
C-1,Mime,950.0,950.5
C-1,Mime,950.5,950.999
C-1,Mime,951.0,951.5
C-1,Mime,951.5,951.999
C-1,Mime,952.0,952.5
C-1,Mime,952.5,952.999
C-1,Mime,953.0,953.5
C-1,Mime,953.5,953.999
C-1,Mime,954.0,954.5
C-1,Mime,954.5,954.999
C-1,Mime,956.0,956.5
C-1,Mime,956.5,956.999
C-1,Mime,957.0,957.5
C-1,Mime,957.5,957.999
C-1,Mime,958.0,958.5
C-1,Mime,958.5,958.999
C-1,Mime,959.0,959.5
C-1,Mime,959.5,959.999
C-1,Mime,960.0,960.492
C-1,Mime,1053.0,1054.999
C-1,Mime,1055.0,1055.999
C-1,Mime,1832.0,1832.999
C-1,Mime,1833.0,1833.999
C-1,Mime,1834.0,1834.999
C-1,Mime,1835.0,1835.999
C-1,Mime,1836.0,1836.999
C-1,Mime,1837.0,1837.999
C-1,Mime,1838.0,1838.999
C-1,Mime,1839.0,1839.999
C-1,Mime,1840.0,1840.999
C-1,Mime,1841.0,1841.999
C-1,Mime,2032.5,2033.5
C-1,Mime,2033.5,2033.999
C-1,Mime,2034.5,2035.5
C-1,Mime,2035.5,2035.999
C-1,Mime,2036.5,2037.5
C-1,Mime,2037.75,2038.5
C-1,Mime,2077.0,2077.5
C-1,Mime,2077.5,2077.999
C-1,Mime,2078.0,2078.5
C-1,Mime,2078.5,2078.999
C-1,Mime,2080.0,2080.5
C-1,Mime,2080.5,2080.999
C-1,Mime,2081.0,2081.5
C-1,Mime,2081.5,2081.999
C-1,Mime,2082.0,2082.5
C-1,Mime,2088.5,2088.999
C-1,Mime,2089.0,2089.999
C-1,Mime,2220.0,2220.999
C-1,Mime,2221.0,2221.999
C-1,Mime,2223.0,2223.999
C-1,Mime,2224.0,2224.999
C-1,Mime,2225.0,2225.999
C-1,Mime,2226.0,2226.999
C-1,Mime,2227.0,2227.999
C-1,Mime,2228.0,2228.999
C-1,Mime,2229.0,2229.999
C-1,Mime,2238.0,2238.999
C-1,Mime,2240.0,2240.999
C-1,Mime,2242.0,2242.999
C-1,Mime,2243.0,2243.999
C-1,Mime,2244.0,2244.999
C-1,Mime,2245.0,2245.999
C-1,Mime,2246.0,2246.999
C-1,Mime,2247.0,2247.999
C-1,Mime,2248.0,2248.999
C-1,Mime,2249.0,2249.999
C-1,Mime,2250.0,2250.999
C-1,Mime,2257.0,2257.999
C-1,Mime,2258.0,2258.999
C-1,Mime,2259.0,2259.999
C-1,Nibelungen,50.333,51.999
C-1,Nibelungen,52.333,53.999
C-1,Nibelungen,54.166,54.999
C-1,Nibelungen,55.0,55.999
C-1,Nibelungen,56.0,56.999
C-1,Nibelungen,57.5,58.999
C-1,Nibelungen,59.333,60.999
C-1,Nibelungen,61.166,61.999
C-1,Nibelungen,62.0,62.999
C-1,Nibelungen,63.0,63.999
C-1,Nibelungen,68.0,68.999
C-1,Nibelungen,69.0,69.999
C-1,Nibelungen,70.0,70.999
C-1,Nibelungen,71.0,71.999
C-1,Nibelungen,72.0,72.999
C-1,Nibelungen,73.0,73.999
C-1,Nibelungen,74.0,74.999
C-1,Nibelungen,75.0,75.999
C-1,Nibelungen,76.0,76.999
C-1,Nibelungen,77.0,77.999
C-1,Nibelungen,78.0,78.999
C-1,Nibelungen,79.0,79.999
C-1,Nibelungen,80.0,80.999
C-1,Nibelungen,81.0,81.999
C-1,Nibelungen,82.0,82.999
C-1,Nibelungen,83.0,83.999
C-1,Nibelungen,84.0,84.999
C-1,Nibelungen,85.0,85.999
C-1,Nibelungen,86.0,86.999
C-1,Nibelungen,87.0,87.999
C-1,Nibelungen,88.0,88.999
C-1,Nibelungen,89.0,89.999
C-1,Nibelungen,90.0,90.999
C-1,Nibelungen,91.0,91.999
C-1,Nibelungen,92.0,92.999
C-1,Nibelungen,93.0,93.999
C-1,Nibelungen,94.0,94.999
C-1,Nibelungen,95.0,95.999
C-1,Nibelungen,96.0,96.999
C-1,Nibelungen,97.0,97.999
C-1,Nibelungen,98.0,98.999
C-1,Nibelungen,99.0,99.999
C-1,Nibelungen,121.666,122.999
C-1,Nibelungen,123.0,123.999
C-1,Nibelungen,124.0,124.999
C-1,Nibelungen,125.0,125.999
C-1,Nibelungen,126.0,126.999
C-1,Nibelungen,127.0,127.999
C-1,Nibelungen,128.0,128.999
C-1,Nibelungen,129.0,129.999
C-1,Nibelungen,130.0,130.999
C-1,Nibelungen,131.0,131.999
C-1,Nibelungen,132.0,132.999
C-1,Nibelungen,133.0,133.999
C-1,Nibelungen,134.0,134.999
C-1,Nibelungen,135.0,135.999
C-1,Nibelungen,136.0,136.999
C-1,Nibelungen,137.0,137.999
C-1,Nibelungen,138.0,138.999
C-1,Nibelungen,139.0,139.999
C-1,Nibelungen,140.0,140.999
C-1,Nibelungen,143.0,143.999
C-1,Nibelungen,144.0,144.999
C-1,Nibelungen,145.0,145.999
C-1,Nibelungen,146.0,146.999
C-1,Nibelungen,147.0,147.999
C-1,Nibelungen,148.0,148.999
C-1,Nibelungen,149.0,149.999
C-1,Nibelungen,152.0,152.999
C-1,Nibelungen,153.0,153.999
C-1,Nibelungen,154.0,154.999
C-1,Nibelungen,169.333,169.999
C-1,Nibelungen,170.0,170.666
C-1,Nibelungen,171.333,171.999
C-1,Nibelungen,172.0,172.666
C-1,Nibelungen,173.0,173.999
C-1,Nibelungen,174.0,174.999
C-1,Nibelungen,175.0,175.999
C-1,Nibelungen,230.0,230.999
C-1,Nibelungen,231.0,231.999
C-1,Nibelungen,232.0,232.999
C-1,Nibelungen,233.0,233.999
C-1,Nibelungen,234.0,234.999
C-1,Nibelungen,235.0,235.999
C-1,Nibelungen,236.0,236.999
C-1,Nibelungen,237.0,237.999
C-1,Nibelungen,240.0,240.999
C-1,Nibelungen,241.0,241.999
C-1,Nibelungen,242.0,242.999
C-1,Nibelungen,243.0,243.999
C-1,Nibelungen,244.0,244.999
C-1,Nibelungen,245.0,245.999
C-1,Nibelungen,884.5,885.999
C-1,Nibelungen,1104.5,1105.666
C-1,Nibelungen,1106.5,1107.666
C-1,Nibelungen,1108.5,1109.666
C-1,Nibelungen,1110.5,1111.666
C-1,Nibelungen,1112.5,1113.666
C-1,Nibelungen,1114.5,1115.666
C-1,Nibelungen,1116.5,1117.666
C-1,Nibelungen,1118.5,1119.999
C-1,Nibelungen,1120.5,1121.999
C-1,Nibelungen,1122.5,1124.333
C-1,Nibelungen,1262.0,1262.833
C-1,Nibelungen,1264.0,1264.833
C-1,Nibelungen,1266.0,1266.999
C-1,Nibelungen,1268.0,1268.999
C-1,Nibelungen,1270.0,1270.999
C-1,Nibelungen,1271.0,1271.999
C-1,Nibelungen,1272.0,1272.999
C-1,Nibelungen,1273.0,1273.999
C-1,Nibelungen,1275.0,1275.999
C-1,Nibelungen,1277.0,1277.999
C-1,Nibelungen,1279.0,1279.999
C-1,Nibelungen,1280.0,1280.999
C-1,Nibelungen,1281.0,1281.999
C-1,Nibelungen,1282.0,1282.999
C-1,Nibelungen,1367.0,1367.75
C-1,Nibelungen,1368.0,1368.75
C-1,Nibelungen,1369.0,1369.75
C-1,Nibelungen,1370.0,1370.75
C-1,Nibelungen,1394.5,1394.999
C-1,Nibelungen,1414.0,1414.625
C-1,Nibelungen,1415.0,1415.625
C-1,Nibelungen,1424.25,1424.999
C-1,Nibelungen,1436.25,1436.999
C-1,Nibelungen,1437.25,1437.999
C-1,Nibelungen,1438.25,1438.999
C-1,Nibelungen,1439.25,1439.999
C-1,Nibelungen,1440.25,1440.999
C-1,Nibelungen,1441.25,1441.999
C-1,Nibelungen,1442.25,1442.999
C-1,Nibelungen,1443.25,1443.999
C-1,Nibelungen,1444.25,1444.999
C-1,Nibelungen,1445.25,1445.999
C-1,Nibelungen,1446.25,1446.999
C-1,Nibelungen,1447.25,1447.999
C-1,Nibelungen,1448.25,1448.999
C-1,Nibelungen,1449.25,1449.999
C-1,Nibelungen,1450.25,1450.999
C-1,Nibelungen,1451.25,1451.999
C-1,Nibelungen,1452.25,1452.999
C-1,Nibelungen,1457.0,1457.625
C-1,Nibelungen,1458.0,1458.625
C-1,Nibelungen,1459.0,1459.875
C-1,Nibelungen,1462.5,1462.999
C-1,Nibelungen,1464.5,1464.999
C-1,Nibelungen,1465.5,1465.999
C-1,Nibelungen,1470.25,1470.875
C-1,Nibelungen,1510.5,1510.999
C-1,Nibelungen,1512.5,1512.875
C-1,Nibelungen,1516.25,1516.875
C-1,Nibelungen,1568.0,1568.666
C-1,Nibelungen,1569.0,1569.666
C-1,Nibelungen,1594.25,1594.999
C-1,Nibelungen,1636.25,1636.5
C-1,Nibelungen,1636.75,1636.999
C-1,Nibelungen,1637.25,1637.999
C-1,Nibelungen,1640.25,1640.5
C-1,Nibelungen,1640.75,1640.999
C-1,Nibelungen,1642.25,1642.5
C-1,Nibelungen,1642.75,1642.999
C-1,Nibelungen,1650.25,1650.999
C-1,Nibelungen,1652.25,1652.999
C-1,Nibelungen,1654.25,1654.999
C-1,Nibelungen,1655.25,1655.999
C-1,Nibelungen,1656.0,1656.75
C-1,Nibelungen,1676.25,1676.999
C-1,Nibelungen,1678.25,1678.999
C-1,Nibelungen,1697.25,1697.999
C-1,Nibelungen,1698.25,1698.999
C-1,Nibelungen,1702.25,1702.999
C-1,Nibelungen,1703.25,1703.999
C-1,Nibelungen,1711.0,1711.5
C-1,Nibelungen,1712.0,1712.5
C-1,Nibelungen,1713.0,1713.5
C-1,Nibelungen,1714.0,1714.5
C-1,Nibelungen,1715.0,1715.5
C-1,Nibelungen,1716.0,1716.5
C-1,Nibelungen,1728.5,1729.999
C-1,Nibelungen,1730.0,1730.999
C-1,Nibelungen,1743.333,1744.999
C-1,Nibelungen,1754.166,1755.999
C-1,Nibelungen,1756.166,1757.999
C-1,Nibelungen,1758.166,1759.999
C-1,Nibelungen,1760.166,1761.5
C-1,Nibelungen,1788.0,1788.999
C-1,Nibelungen,1789.0,1789.999
C-1,Nibelungen,1790.0,1790.999
C-1,Nibelungen,1792.5,1793.999
C-1,Nibelungen,1795.0,1795.999
C-1,Nibelungen,1796.0,1796.999
C-1,Nibelungen,1797.0,1797.999
C-1,Nibelungen,1798.5,1799.999
C-1,Nibelungen,1800.0,1800.999
C-1,Nibelungen,1870.25,1870.999
C-1,Nibelungen,1871.0,1871.999
C-1,Nibelungen,1872.0,1872.999
C-1,Nibelungen,1873.0,1873.999
C-1,Nibelungen,1874.0,1874.999
C-1,Nibelungen,2284.0,2284.999
C-1,Nibelungen,2290.0,2290.999
C-1,Nibelungen,2295.5,2296.999
C-1,Nibelungen,2529.0,2529.999
C-1,Nibelungen,2530.0,2530.999
C-1,Nibelungen,2531.0,2531.999
C-1,Nibelungen,2532.0,2532.999
C-1,Nibelungen,2533.0,2533.999
C-1,Nibelungen,2534.0,2534.999
C-1,Nibelungen,2535.0,2535.999
C-1,Nibelungen,2536.0,2536.999
C-1,Nibelungen,2537.0,2537.999
C-1,Nibelungen,2666.833,2667.999
C-1,Nibelungen,2668.0,2668.999
C-1,Nibelungen,2782.0,2782.999
C-1,Nibelungen,2783.0,2783.999
C-1,Nibelungen,2784.0,2784.999
C-1,Nibelungen,2785.0,2785.999
C-1,Nibelungen,2795.0,2795.5
C-1,Nibelungen,2797.0,2797.5
C-1,Nibelungen,2799.0,2799.999
C-1,Nibelungen,2800.0,2800.999
C-1,Nibelungen,2801.0,2801.999
C-1,Nibelungen,2812.0,2812.5
C-1,Nibelungen,2814.0,2814.5
C-1,Nibelungen,2816.0,2816.5
C-1,Nibelungen,2820.0,2820.5
C-1,Nibelungen,2822.0,2822.5
C-1,Nibelungen,2824.0,2824.5
C-1,Nibelungen,2828.0,2828.999
C-1,Nibelungen,2830.0,2830.5
C-1,Nibelungen,2893.0,2893.999
C-1,Nibelungen,2894.0,2894.999
C-1,Nibelungen,2895.0,2895.999
C-1,Nibelungen,2896.0,2896.999
C-1,Nibelungen,2897.0,2897.999
C-1,Nibelungen,2898.0,2898.999
C-1,Riesen,362.0,362.999
C-1,Riesen,363.0,363.999
C-1,Riesen,364.0,364.999
C-1,Riesen,365.0,365.999
C-1,Riesen,366.0,366.999
C-1,Riesen,367.0,367.999
C-1,Riesen,368.0,368.999
C-1,Riesen,369.0,369.999
C-1,Riesen,370.0,370.999
C-1,Riesen,371.0,371.999
C-1,Riesen,372.0,372.999
C-1,Riesen,373.0,373.999
C-1,Riesen,1481.0,1481.999
C-1,Riesen,1482.0,1482.999
C-1,Riesen,1483.0,1483.999
C-1,Riesen,1484.0,1484.999
C-1,Riesen,1485.0,1485.999
C-1,Riesen,1486.0,1486.999
C-1,Riesen,1487.0,1487.999
C-1,Riesen,1488.0,1488.999
C-1,Riesen,1489.0,1489.999
C-1,Riesen,1490.0,1490.999
C-1,Riesen,1491.0,1491.999
C-1,Riesen,1492.0,1492.999
C-1,Riesen,1493.0,1493.999
C-1,Riesen,1494.0,1494.999
C-1,Riesen,1495.0,1495.999
C-1,Riesen,1496.0,1496.999
C-1,Riesen,1572.0,1572.666
C-1,Riesen,1573.0,1573.666
C-1,Riesen,1574.0,1574.666
C-1,Ring,100.0,101.999
C-1,Ring,102.0,103.999
C-1,Ring,104.0,105.999
C-1,Ring,106.0,107.999
C-1,Ring,108.0,109.999
C-1,Ring,110.0,110.999
C-1,Ring,111.0,111.999
C-1,Ring,112.0,112.999
C-1,Ring,113.0,113.999
C-1,Ring,114.0,114.999
C-1,Ring,115.0,115.999
C-1,Ring,211.0,212.999
C-1,Ring,214.0,215.999
C-1,Ring,1444.0,1446.25
C-1,Ring,1446.0,1448.999
C-1,Ring,1493.0,1494.999
C-1,Ring,1495.0,1496.999
C-1,Ring,1570.0,1571.833
C-1,Ring,2409.0,2410.999
C-1,Ring,2411.0,2412.999
C-1,Ring,2413.0,2414.999
C-1,Ring,2415.0,2416.999
C-1,Ring,2417.0,2417.999
C-1,Ring,2418.0,2418.999
C-1,Ring,2525.0,2526.666
C-1,Ring,2526.0,2527.333
C-1,Ring,2527.0,2527.999
C-1,Schwert,118.583,121.999
C-1,Schwert,160.916,162.166
C-1,Schwert,161.916,162.999
C-1,Schwert,165.583,166.999
C-1,Schwert,166.25,166.999
C-1,Schwert,206.25,207.166
C-1,Schwert,210.25,211.166
C-1,Schwert,216.916,218.666
C-1,Schwert,218.916,220.666
C-1,Schwert,220.916,223.999
C-1,Schwert,1103.833,1107.999
C-1,Schwert,1107.833,1111.999
C-1,Schwert,1124.833,1126.999
C-1,Schwert,1148.75,1150.75
C-1,Schwert,1150.75,1152.75
C-1,Schwert,1152.75,1154.75
C-1,Schwert,1154.75,1156.75
C-1,Schwert,1156.75,1158.75
C-1,Schwert,1158.75,1160.5
C-1,Schwert,1175.875,1178.25
C-1,Schwert,1733.833,1735.999
C-1,Schwert,1747.833,1749.999
C-1,Schwert,1767.833,1769.999
C-1,Schwert,1867.833,1868.999
C-1,Schwert,1882.875,1883.875
C-1,Schwert,1947.375,1949.75
C-1,Schwert,1998.875,2000.999
C-1,Schwert,2071.875,2073.625
C-1,Schwert,2263.75,2266.999
C-1,Schwert,2269.833,2271.999
C-1,Schwert,2423.833,2425.999
C-1,Schwert,2556.833,2558.999
C-1,Schwert,2558.833,2560.999
C-1,Schwert,2560.833,2562.999
C-1,Schwert,2578.833,2580.999
C-1,Schwert,2579.833,2582.999
C-1,Schwert,2609.833,2611.166
C-1,Schwert,2726.75,2728.875
C-1,Schwert,2952.666,2954.999
C-1,Schwert,2972.666,2974.999
C-1,Schwert,2975.0,2976.999
C-1,Schwert,2977.0,2978.999
C-1,Schwert,2979.0,2980.999
C-1,Siegfried,333.833,335.999
C-1,Siegfried,337.833,339.999
C-1,Siegfried,873.833,880.5
C-1,Siegfried,995.833,997.5
C-1,Siegfried,1024.833,1028.5
C-1,Siegfried,1690.875,1694.5
C-1,Siegfried,1761.833,1768.999
C-1,Siegfried,1802.833,1806.25
C-1,Siegfried,1892.875,1894.25
C-1,Siegfried,2020.75,2024.5
C-1,Siegfried,2151.875,2154.75
C-1,Siegfried,2393.833,2396.5
C-1,Vertrag,1371.0,1373.999
C-1,Vertrag,1380.0,1382.999
C-1,Vertrag,1405.0,1407.999
C-1,Vertrag,1414.0,1416.25
C-1,Vertrag,1415.0,1417.25
C-1,Vertrag,1457.0,1459.25
C-1,Vertrag,1458.0,1460.25
C-1,Vertrag,1504.0,1506.25
C-1,Vertrag,1505.0,1506.25
C-1,Vertrag,1585.0,1588.25
C-1,Vertrag,1609.0,1611.25
C-1,Vertrag,1615.0,1617.25
C-1,Vertrag,1632.0,1634.125
C-1,Vertrag,1633.0,1634.125
C-1,Vertrag,1870.0,1872.999
C-1,Waberlohe,2126.0,2127.25
C-1,Waberlohe,2128.0,2129.25
C-1,Waberlohe,2129.0,2130.25
C-1,Waberlohe,2130.0,2131.25
C-1,Waberlohe,2131.0,2132.25
C-1,Waberlohe,2132.0,2133.25
C-1,Waberlohe,2138.0,2139.25
C-1,Waberlohe,2139.0,2140.25
C-1,Waberlohe,2140.0,2141.25
C-1,Waberlohe,2141.0,2142.25
C-1,Waberlohe,2142.0,2143.25
C-1,Waberlohe,2143.0,2144.25
C-1,Waberlohe,2146.25,2147.999
C-1,Waberlohe,2148.0,2149.999
C-1,Waberlohe,2150.25,2151.25
C-1,Waberlohe,2164.0,2165.25
C-1,Waberlohe,2165.0,2166.25
C-1,Waberlohe,2169.0,2170.75
C-1,Waberlohe,2175.0,2176.25
C-1,Waberlohe,2176.0,2177.5
C-1,Waberlohe,2184.0,2185.999
C-1,Waberlohe,2186.0,2187.999
C-1,Waberlohe,2190.0,2191.999
C-1,Waberlohe,2192.0,2193.999
C-2,Horn,961.0,963.999
C-2,Horn,964.5,965.999
C-2,Horn,968.5,969.999
C-2,Horn,989.0,990.999
C-2,Horn,991.0,992.999
C-2,Horn,995.0,996.999
C-2,Horn,1006.75,1007.5
C-2,Horn,1059.0,1060.999
C-2,Horn,1075.0,1076.999
C-2,Horn,1651.5,1651.999
C-2,Horn,1652.5,1652.999
C-2,Horn,1653.5,1653.999
C-2,Horn,1654.5,1654.999
C-2,Horn,1655.5,1656.5
C-2,Horn,1657.0,1657.999
C-2,Horn,1658.5,1659.999
C-2,Horn,1661.5,1661.999
C-2,Horn,1662.5,1662.999
C-2,Horn,1663.5,1663.999
C-2,Horn,1664.5,1664.999
C-2,Horn,1665.5,1665.999
C-2,Horn,1666.5,1666.999
C-2,Horn,1667.5,1667.999
C-2,Horn,1668.5,1668.999
C-2,Horn,1669.5,1669.999
C-2,Horn,1670.5,1670.999
C-2,Horn,1671.5,1671.999
C-2,Jugendkraft,533.333,534.666
C-2,Jugendkraft,535.0,536.166
C-2,Jugendkraft,614.0,614.999
C-2,Jugendkraft,615.0,615.999
C-2,Jugendkraft,616.0,616.999
C-2,Mime,654.5,655.75
C-2,Mime,656.0,656.75
C-2,Mime,657.0,657.5
C-2,Mime,657.5,657.999
C-2,Mime,658.0,658.5
C-2,Mime,658.5,658.999
C-2,Mime,659.0,659.5
C-2,Mime,659.5,659.999
C-2,Mime,660.5,660.999
C-2,Mime,661.5,661.999
C-2,Mime,662.5,662.999
C-2,Mime,705.0,705.5
C-2,Mime,705.5,705.999
C-2,Mime,706.0,706.5
C-2,Mime,706.5,706.999
C-2,Mime,707.0,707.5
C-2,Mime,707.5,707.999
C-2,Mime,708.0,708.5
C-2,Mime,708.5,708.999
C-2,Mime,709.0,709.5
C-2,Mime,709.5,709.999
C-2,Mime,710.0,710.5
C-2,Mime,710.5,710.999
C-2,Mime,711.0,711.5
C-2,Mime,711.5,711.999
C-2,Mime,712.0,712.5
C-2,Mime,712.5,712.999
C-2,Nibelungen,540.333,540.999
C-2,Nibelungen,541.333,541.999
C-2,Nibelungen,684.25,684.999
C-2,Nibelungen,685.0,685.625
C-2,Nibelungen,752.5,753.999
C-2,Nibelungen,754.5,755.999
C-2,Nibelungen,756.0,756.999
C-2,Nibelungen,757.0,757.999
C-2,Nibelungen,758.0,758.999
C-2,Nibelungen,759.0,759.999
C-2,Nibelungen,760.0,760.999
C-2,Nibelungen,1295.0,1295.999
C-2,Nibelungen,1299.0,1299.999
C-2,Nibelungen,1641.25,1641.999
C-2,Nibelungen,1643.25,1643.999
C-2,Nibelungen,1644.25,1644.5
C-2,Nibelungen,1651.0,1651.625
C-2,Nibelungen,1652.0,1652.625
C-2,Nibelungen,1653.0,1653.625
C-2,Nibelungen,1654.0,1654.625
C-2,Nibelungen,1655.0,1655.625
C-2,Nibelungen,1656.5,1656.999
C-2,Nibelungen,1658.0,1658.5
C-2,Nibelungen,1661.0,1661.625
C-2,Nibelungen,1662.0,1662.625
C-2,Nibelungen,1663.0,1663.625
C-2,Nibelungen,1664.0,1664.625
C-2,Nibelungen,1665.0,1665.625
C-2,Nibelungen,1666.0,1666.625
C-2,Nibelungen,1667.0,1667.625
C-2,Nibelungen,1668.0,1668.625
C-2,Nibelungen,1669.0,1669.625
C-2,Nibelungen,1670.0,1670.625
C-2,Nibelungen,1671.0,1671.625
C-2,Nibelungen,1697.5,1698.25
C-2,Nibelungen,1699.5,1700.25
C-2,Nibelungen,1751.666,1752.5
C-2,Nibelungen,1753.666,1754.5
C-2,Nibelungen,1755.666,1756.666
C-2,Nibelungenhass,72.875,73.833
C-2,Nibelungenhass,73.875,74.833
C-2,Nibelungenhass,74.875,75.833
C-2,Nibelungenhass,75.875,76.833
C-2,Nibelungenhass,76.875,77.833
C-2,Nibelungenhass,77.875,78.833
C-2,Nibelungenhass,78.875,79.833
C-2,Nibelungenhass,79.875,80.833
C-2,Nibelungenhass,80.875,81.833
C-2,Nibelungenhass,81.875,82.833
C-2,Nibelungenhass,82.875,83.833
C-2,Nibelungenhass,83.875,84.833
C-2,Nibelungenhass,84.875,85.583
C-2,Nibelungenhass,103.916,104.833
C-2,Nibelungenhass,104.875,105.833
C-2,Nibelungenhass,105.875,106.833
C-2,Nibelungenhass,106.875,107.833
C-2,Nibelungenhass,107.875,108.833
C-2,Nibelungenhass,108.875,109.833
C-2,Nibelungenhass,109.875,110.833
C-2,Nibelungenhass,110.875,111.833
C-2,Nibelungenhass,111.875,112.833
C-2,Nibelungenhass,112.875,113.833
C-2,Nibelungenhass,161.916,162.833
C-2,Nibelungenhass,162.875,163.833
C-2,Nibelungenhass,163.875,164.583
C-2,Nibelungenhass,164.375,164.999
C-2,Nibelungenhass,252.875,253.833
C-2,Nibelungenhass,253.875,254.833
C-2,Nibelungenhass,254.875,255.833
C-2,Nibelungenhass,261.875,262.833
C-2,Nibelungenhass,263.875,264.833
C-2,Nibelungenhass,267.875,268.833
C-2,Nibelungenhass,268.875,269.833
C-2,Nibelungenhass,269.875,270.833
C-2,Nibelungenhass,270.875,271.833
C-2,Nibelungenhass,271.875,272.833
C-2,Nibelungenhass,272.875,273.833
C-2,Nibelungenhass,273.875,274.833
C-2,Nibelungenhass,274.875,275.833
C-2,Nibelungenhass,507.875,508.833
C-2,Nibelungenhass,509.875,510.833
C-2,Nibelungenhass,1099.083,1099.833
C-2,Nibelungenhass,1100.083,1100.833
C-2,Nibelungenhass,1101.083,1101.833
C-2,Nibelungenhass,1102.083,1102.833
C-2,Nibelungenhass,1103.083,1103.833
C-2,Nibelungenhass,1104.083,1104.833
C-2,Nibelungenhass,1105.083,1105.833
C-2,Nibelungenhass,1106.083,1106.833
C-2,Nibelungenhass,1107.083,1107.833
C-2,Nibelungenhass,1108.083,1108.833
C-2,Nibelungenhass,1109.083,1109.833
C-2,Nibelungenhass,1119.083,1119.833
C-2,Nibelungenhass,1120.083,1120.833
C-2,Nibelungenhass,1121.083,1121.833
C-2,Nibelungenhass,1122.083,1122.833
C-2,Nibelungenhass,1123.083,1123.833
C-2,Nibelungenhass,1124.083,1124.833
C-2,Nibelungenhass,1125.083,1125.833
C-2,Nibelungenhass,1143.083,1143.833
C-2,Nibelungenhass,1143.875,1144.833
C-2,Nibelungenhass,1144.875,1145.833
C-2,Nibelungenhass,1145.875,1146.833
C-2,Nibelungenhass,1146.875,1147.833
C-2,Nibelungenhass,1147.875,1148.833
C-2,Nibelungenhass,1148.875,1149.833
C-2,Nibelungenhass,1149.875,1150.833
C-2,Nibelungenhass,1150.875,1151.833
C-2,Riesen,1127.0,1127.5
C-2,Riesen,1127.5,1128.125
C-2,Riesen,1129.0,1129.625
C-2,Riesen,1130.0,1130.625
C-2,Riesen,1133.0,1133.5
C-2,Riesen,1133.5,1133.999
C-2,Ring,34.0,36.333
C-2,Ring,41.0,43.333
C-2,Ring,81.5,83.625
C-2,Ring,83.75,86.25
C-2,Ring,274.5,276.875
C-2,Ring,276.875,278.999
C-2,Ring,426.0,427.999
C-2,Ring,428.0,429.999
C-2,Ring,452.0,453.166
C-2,Ring,1134.0,1134.75
C-2,Ring,1135.0,1135.75
C-2,Ring,1136.0,1136.875
C-2,Ring,1342.0,1343.888
C-2,Ring,1344.0,1345.888
C-2,Ring,1346.0,1347.888
C-2,Ring,1348.0,1349.888
C-2,Ring,1350.0,1351.888
C-2,Ring,1688.0,1689.999
C-2,Ring,1690.0,1691.999
C-2,Ritt,119.333,119.999
C-2,Ritt,120.333,120.999
C-2,Ritt,121.333,121.999
C-2,Ritt,122.333,122.999
C-2,Ritt,123.333,123.999
C-2,Ritt,124.333,124.999
C-2,Ritt,125.333,125.999
C-2,Ritt,126.333,126.999
C-2,Ritt,127.333,127.999
C-2,Ritt,128.333,128.999
C-2,Ritt,129.333,129.999
C-2,Ritt,130.333,130.999
C-2,Ritt,131.333,131.999
C-2,Ritt,132.333,132.999
C-2,Ritt,133.333,133.999
C-2,Ritt,134.333,134.999
C-2,Ritt,135.333,135.999
C-2,Ritt,136.333,136.999
C-2,Ritt,137.333,137.999
C-2,Ritt,480.25,480.75
C-2,Ritt,481.25,481.75
C-2,Ritt,482.25,482.75
C-2,Ritt,483.25,483.75
C-2,Ritt,484.25,484.75
C-2,Ritt,485.25,485.75
C-2,Ritt,486.25,486.75
C-2,Ritt,487.25,487.75
C-2,Ritt,488.25,488.75
C-2,Ritt,489.25,489.75
C-2,Ritt,490.25,490.75
C-2,Ritt,491.25,491.75
C-2,Ritt,492.25,492.75
C-2,Ritt,493.25,493.75
C-2,Ritt,494.25,494.75
C-2,Ritt,495.25,495.75
C-2,Schwert,307.0,309.125
C-2,Schwert,423.916,424.999
C-2,Schwert,474.875,476.25
C-2,Schwert,886.833,888.999
C-2,Schwert,1004.833,1005.999
C-2,Schwert,1050.916,1052.833
C-2,Schwert,1087.833,1089.999
C-2,Schwert,1142.0,1143.125
C-2,Schwert,1173.875,1175.999
C-2,Schwert,1369.888,1371.666
C-2,Siegfried,974.833,978.166
C-2,Siegfried,978.833,986.166
C-2,Siegfried,1112.875,1116.25
C-2,Siegfried,1115.75,1118.375
C-2,Siegfried,1161.5,1165.125
C-2,Siegfried,1846.875,1849.999
C-2,Unmuth,319.25,322.75
C-2,Vertrag,222.0,223.999
C-2,Vertrag,248.25,251.25
C-2,Waberlohe,542.0,543.625
C-2,Waberlohe,545.0,546.999
C-2,Waberlohe,548.0,549.999
C-2,Waberlohe,549.0,550.625
C-2,Waberlohe,550.0,551.5
C-2,Waberlohe,629.0,630.5
C-2,Waberlohe,630.0,631.25
C-2,Waberlohe,631.0,632.25
C-2,Waberlohe,632.0,633.25
C-2,Waberlohe,1851.25,1852.625
C-2,Waberlohe,1852.0,1853.125
C-2,Waberlohe,1853.0,1854.999
C-2,Waberlohe,1854.0,1855.125
C-2,Waldweben,714.0,715.999
C-2,Waldweben,716.0,717.999
C-2,Waldweben,726.0,727.999
C-2,Waldweben,728.0,729.999
C-2,Waldweben,730.0,731.999
C-2,Waldweben,732.0,733.999
C-2,Waldweben,734.0,735.999
C-2,Waldweben,736.0,737.999
C-2,Waldweben,738.0,739.999
C-2,Waldweben,740.0,741.999
C-2,Waldweben,742.0,743.999
C-2,Waldweben,744.0,745.999
C-2,Waldweben,746.0,747.999
C-2,Waldweben,748.0,749.999
C-2,Waldweben,764.0,765.999
C-2,Waldweben,766.0,767.999
C-2,Waldweben,768.0,768.999
C-2,Waldweben,769.0,769.999
C-2,Waldweben,770.0,770.999
C-2,Waldweben,771.0,771.999
C-2,Waldweben,772.0,772.999
C-2,Waldweben,773.0,773.999
C-2,Waldweben,779.0,779.999
C-2,Waldweben,780.0,780.999
C-2,Waldweben,781.0,781.999
C-2,Waldweben,782.0,782.999
C-2,Waldweben,783.0,783.999
C-2,Waldweben,784.0,784.999
C-2,Waldweben,785.0,785.999
C-2,Waldweben,831.0,832.999
C-2,Waldweben,833.0,834.999
C-2,Waldweben,835.0,835.999
C-2,Waldweben,836.0,836.999
C-2,Waldweben,837.0,838.999
C-2,Waldweben,839.0,839.999
C-2,Waldweben,840.0,841.999
C-2,Waldweben,842.0,843.999
C-2,Waldweben,844.0,844.999
C-2,Waldweben,845.0,845.999
C-2,Waldweben,846.0,846.999
C-2,Waldweben,847.0,847.999
C-2,Waldweben,848.0,848.999
C-2,Waldweben,849.0,849.999
C-2,Waldweben,850.0,850.999
C-2,Waldweben,851.0,851.999
C-2,Waldweben,852.0,852.999
C-2,Waldweben,853.0,853.999
C-2,Waldweben,854.0,854.999
C-2,Waldweben,855.0,855.999
C-2,Waldweben,857.0,857.999
C-2,Waldweben,858.0,858.999
C-2,Waldweben,859.0,859.999
C-2,Waldweben,860.0,860.999
C-2,Waldweben,861.0,861.999
C-2,Waldweben,862.0,862.999
C-2,Waldweben,863.0,863.999
C-2,Waldweben,864.0,864.999
C-2,Waldweben,865.0,865.999
C-2,Waldweben,866.0,866.999
C-2,Waldweben,867.0,867.999
C-2,Waldweben,923.0,923.999
C-2,Waldweben,924.0,924.999
C-2,Waldweben,925.0,925.999
C-2,Waldweben,926.0,926.999
C-2,Waldweben,927.0,927.999
C-2,Waldweben,928.0,928.999
C-2,Waldweben,929.0,929.999
C-2,Waldweben,930.0,930.999
C-2,Waldweben,931.0,931.999
C-2,Waldweben,932.0,932.999
C-2,Waldweben,933.0,933.999
C-2,Waldweben,934.0,934.999
C-2,Waldweben,1179.0,1179.999
C-2,Waldweben,1180.0,1180.999
C-2,Waldweben,1181.0,1181.999
C-2,Waldweben,1182.0,1182.999
C-2,Waldweben,1183.0,1183.999
C-2,Waldweben,1184.0,1184.999
C-2,Waldweben,1185.0,1185.999
C-2,Waldweben,1186.0,1186.999
C-2,Waldweben,1187.0,1187.999
C-2,Waldweben,1188.0,1188.999
C-2,Waldweben,1189.0,1189.999
C-2,Waldweben,1190.0,1190.999
C-2,Waldweben,1191.0,1191.999
C-2,Waldweben,1192.0,1192.999
C-2,Waldweben,1193.0,1193.999
C-2,Waldweben,1194.0,1194.999
C-2,Waldweben,1195.0,1195.999
C-2,Waldweben,1196.0,1196.999
C-2,Waldweben,1197.0,1197.999
C-2,Waldweben,1198.0,1198.999
C-2,Waldweben,1199.0,1199.999
C-2,Waldweben,1200.0,1200.999
C-2,Waldweben,1201.0,1201.999
C-2,Waldweben,1202.0,1202.999
C-2,Waldweben,1203.0,1203.999
C-2,Waldweben,1204.0,1204.999
C-2,Waldweben,1205.0,1205.999
C-2,Waldweben,1206.0,1206.999
C-2,Waldweben,1207.0,1207.999
C-2,Waldweben,1208.0,1208.999
C-2,Waldweben,1209.0,1209.999
C-2,Waldweben,1210.0,1210.999
C-2,Waldweben,1211.0,1211.999
C-2,Waldweben,1212.0,1212.999
C-2,Waldweben,1213.0,1213.999
C-2,Waldweben,1214.0,1214.999
C-2,Waldweben,1215.0,1215.999
C-2,Waldweben,1376.0,1376.999
C-2,Waldweben,1377.0,1377.999
C-2,Waldweben,1378.0,1378.999
C-2,Waldweben,1379.0,1379.999
C-2,Waldweben,1380.0,1380.999
C-2,Waldweben,1381.0,1381.999
C-2,Waldweben,1382.0,1382.999
C-2,Waldweben,1383.0,1383.999
C-2,Waldweben,1384.0,1384.999
C-2,Waldweben,1385.0,1385.999
C-2,Waldweben,1386.0,1386.999
C-2,Waldweben,1387.0,1387.999
C-2,Waldweben,1388.0,1388.999
C-2,Waldweben,1389.0,1389.999
C-2,Waldweben,1390.0,1390.999
C-2,Waldweben,1391.0,1391.999
C-2,Waldweben,1392.0,1392.999
C-2,Waldweben,1393.0,1393.999
C-2,Waldweben,1394.0,1394.999
C-2,Waldweben,1395.0,1395.999
C-2,Waldweben,1396.0,1396.999
C-2,Waldweben,1397.0,1397.999
C-2,Waldweben,1398.0,1398.999
C-2,Waldweben,1399.0,1399.999
C-2,Waldweben,1400.0,1400.999
C-2,Waldweben,1401.0,1401.999
C-2,Waldweben,1402.0,1402.999
C-2,Waldweben,1403.0,1403.999
C-2,Waldweben,1404.0,1404.999
C-2,Waldweben,1405.0,1405.999
C-2,Waldweben,1406.0,1406.999
C-2,Waldweben,1407.0,1407.999
C-2,Waldweben,1408.0,1408.999
C-2,Waldweben,1409.0,1409.999
C-2,Waldweben,1410.0,1410.999
C-2,Waldweben,1411.0,1411.999
C-2,Waldweben,1793.0,1794.999
C-2,Waldweben,1795.0,1796.999
C-2,Waldweben,1797.0,1797.999
C-2,Waldweben,1798.0,1798.999
C-2,Waldweben,1799.0,1799.999
C-2,Waldweben,1800.0,1800.999
C-2,Waldweben,1801.0,1801.999
C-2,Waldweben,1802.0,1802.999
C-2,Waldweben,1803.0,1803.999
C-2,Waldweben,1804.0,1804.999
C-2,Waldweben,1805.0,1805.999
C-2,Waldweben,1806.0,1806.999
C-2,Waldweben,1807.0,1807.999
C-2,Waldweben,1808.0,1808.999
C-2,Waldweben,1809.0,1809.999
C-2,Waldweben,1824.0,1824.999
C-2,Waldweben,1825.0,1825.999
C-2,Waldweben,1826.0,1826.999
C-2,Waldweben,1827.0,1827.999
C-2,Waldweben,1828.0,1828.999
C-2,Waldweben,1829.0,1829.999
C-2,Waldweben,1830.0,1830.999
C-2,Waldweben,1831.0,1831.999
C-2,Waldweben,1832.0,1832.999
C-2,Waldweben,1833.0,1833.999
C-2,Waldweben,1834.0,1834.999
C-2,Waldweben,1835.0,1835.999
C-2,Waldweben,1836.0,1836.999
C-2,Waldweben,1837.0,1837.999
C-2,Waldweben,1851.0,1851.999
C-2,Waldweben,1852.0,1852.999
C-2,Waldweben,1853.0,1853.999
C-2,Waldweben,1854.0,1854.999
C-2,Waldweben,1855.0,1855.999
C-2,Waldweben,1856.0,1856.999
C-2,Waldweben,1857.0,1857.999
C-2,Waldweben,1858.0,1858.999
C-2,Waldweben,1859.0,1859.999
C-3,Feuerzauber,702.0,703.25
C-3,Feuerzauber,704.0,705.25
C-3,Feuerzauber,709.0,710.5
C-3,Feuerzauber,770.0,771.25
C-3,Feuerzauber,773.0,774.25
C-3,Feuerzauber,788.0,788.875
C-3,Feuerzauber,790.0,790.875
C-3,Feuerzauber,791.0,791.875
C-3,Feuerzauber,795.0,795.999
C-3,Feuerzauber,796.0,796.999
C-3,Horn,770.0,770.999
C-3,Horn,773.0,773.999
C-3,Horn,777.0,777.75
C-3,Horn,780.5,780.999
C-3,Horn,781.5,781.999
C-3,Horn,783.5,783.999
C-3,Horn,784.5,784.999
C-3,Horn,787.0,787.25
C-3,Horn,787.25,787.5
C-3,Horn,787.5,788.125
C-3,Horn,789.0,789.25
C-3,Horn,789.25,789.5
C-3,Horn,789.5,790.125
C-3,Horn,792.0,792.5
C-3,Horn,793.0,793.5
C-3,Horn,794.0,794.25
C-3,Horn,794.25,794.5
C-3,Horn,794.5,794.999
C-3,Jugendkraft,577.0,577.5
C-3,Jugendkraft,577.5,577.999
C-3,Jugendkraft,578.0,578.5
C-3,Jugendkraft,578.5,578.999
C-3,Jugendkraft,579.0,579.333
C-3,Jugendkraft,579.333,579.666
C-3,Jugendkraft,579.666,579.999
C-3,Nibelungen,539.0,539.999
C-3,Nibelungen,540.0,540.666
C-3,Ring,208.0,209.125
C-3,Ring,209.0,210.125
C-3,Ring,212.0,213.125
C-3,Ring,213.0,214.125
C-3,Ring,220.0,222.25
C-3,Ring,222.0,223.999
C-3,Ring,336.0,337.375
C-3,Ring,393.0,394.875
C-3,Ring,394.0,394.999
C-3,Ring,395.0,395.999
C-3,Ring,396.0,396.999
C-3,Ring,397.0,397.999
C-3,Ring,398.0,398.999
C-3,Ritt,1.0,1.5
C-3,Ritt,1.5,1.999
C-3,Ritt,2.0,2.59
C-3,Ritt,2.5,2.997
C-3,Ritt,3.0,3.5
C-3,Ritt,3.5,3.999
C-3,Ritt,4.0,4.5
C-3,Ritt,4.5,4.999
C-3,Ritt,5.0,5.5
C-3,Ritt,5.5,5.999
C-3,Ritt,6.0,6.5
C-3,Ritt,6.5,6.999
C-3,Ritt,7.0,7.5
C-3,Ritt,7.5,7.999
C-3,Ritt,8.0,8.5
C-3,Ritt,8.5,8.999
C-3,Ritt,9.0,9.5
C-3,Ritt,9.5,9.999
C-3,Ritt,10.0,10.5
C-3,Ritt,10.5,10.999
C-3,Ritt,11.0,11.5
C-3,Ritt,11.5,11.999
C-3,Ritt,12.0,12.5
C-3,Ritt,12.5,12.999
C-3,Ritt,13.0,13.5
C-3,Ritt,13.5,13.999
C-3,Ritt,14.0,14.5
C-3,Ritt,14.5,14.999
C-3,Ritt,15.0,15.5
C-3,Ritt,15.5,15.999
C-3,Ritt,16.0,16.5
C-3,Ritt,16.5,16.999
C-3,Ritt,17.0,17.5
C-3,Ritt,17.5,17.999
C-3,Ritt,18.0,18.5
C-3,Ritt,18.5,18.999
C-3,Ritt,19.0,19.5
C-3,Ritt,19.5,19.999
C-3,Ritt,20.0,20.5
C-3,Ritt,20.5,20.999
C-3,Ritt,23.0,23.999
C-3,Ritt,24.0,24.999
C-3,Ritt,25.0,25.999
C-3,Ritt,26.0,26.999
C-3,Ritt,27.0,27.999
C-3,Ritt,28.0,28.999
C-3,Ritt,29.0,29.999
C-3,Ritt,30.0,30.999
C-3,Ritt,31.0,31.999
C-3,Ritt,32.0,32.999
C-3,Ritt,33.0,33.999
C-3,Ritt,34.0,34.999
C-3,Ritt,35.0,35.999
C-3,Ritt,36.0,36.999
C-3,Ritt,37.0,37.999
C-3,Ritt,38.0,38.999
C-3,Ritt,39.0,39.999
C-3,Ritt,40.0,40.999
C-3,Ritt,41.0,41.999
C-3,Ritt,42.0,42.999
C-3,Ritt,43.0,43.999
C-3,Ritt,44.0,44.999
C-3,Ritt,45.0,45.999
C-3,Ritt,46.0,46.999
C-3,Ritt,47.0,47.999
C-3,Ritt,48.0,48.999
C-3,Ritt,49.0,49.999
C-3,Ritt,50.0,50.999
C-3,Ritt,52.25,52.999
C-3,Ritt,54.25,54.75
C-3,Schicksal,64.0,66.999
C-3,Schicksal,68.0,70.999
C-3,Schicksal,141.0,142.999
C-3,Schicksal,240.0,241.999
C-3,Schicksal,242.0,243.999
C-3,Schicksal,277.0,278.75
C-3,Schicksal,290.0,291.875
C-3,Schicksal,293.0,294.625
C-3,Schicksal,296.0,297.625
C-3,Schicksal,307.0,308.999
C-3,Schicksal,827.0,828.999
C-3,Schicksal,845.0,846.999
C-3,Schicksal,1031.0,1034.25
C-3,Schicksal,1036.0,1038.999
C-3,Schicksal,1052.0,1053.999
C-3,Schicksal,1194.0,1195.999
C-3,Schicksal,1257.0,1258.999
C-3,Schicksal,1552.0,1553.625
C-3,Schicksal,1650.0,1651.625
C-3,Schicksal,1663.5,1665.999
C-3,Schwert,384.875,386.25
C-3,Schwert,393.875,395.125
C-3,Schwert,474.888,476.111
C-3,Schwert,528.833,530.833
C-3,Schwert,737.833,739.25
C-3,Schwert,913.938,915.75
C-3,Schwert,1004.188,1005.75
C-3,Siegfried,380.875,382.999
C-3,Siegfried,400.75,402.625
C-3,Siegfried,714.875,716.625
C-3,Siegfried,717.875,719.125
C-3,Siegfried,720.875,722.625
C-3,Siegfried,755.875,757.625
C-3,Siegfried,758.875,759.999
C-3,Siegfried,775.875,777.999
C-3,Siegfried,778.875,780.125
C-3,Siegfried,781.875,783.125
C-3,Siegfried,784.875,786.5
C-3,Siegfried,785.875,787.999
C-3,Siegfried,811.875,812.999
C-3,Siegfried,814.75,815.999
C-3,Siegfried,1109.833,1111.5
C-3,Siegfried,1111.916,1113.5
C-3,Siegfried,1113.916,1115.5
C-3,Siegfried,1115.916,1117.5
C-3,Siegfried,1155.0,1155.999
C-3,Siegfried,1684.0,1687.75
C-3,Siegfried,1687.916,1691.5
C-3,Siegfried,1694.875,1696.75
C-3,Siegfried,1768.75,1770.25
C-3,Siegfried,1773.0,1774.25
C-3,Siegfried,1778.75,1781.999
C-3,Unmuth,9.0,10.5
C-3,Unmuth,629.333,631.333
C-3,Unmuth,634.333,636.333
C-3,Unmuth,638.333,640.333
C-3,Unmuth,645.0,646.333
C-3,Unmuth,649.0,650.333
C-3,Unmuth,659.0,660.666
C-3,Unmuth,661.0,662.333
C-3,Unmuth,677.0,678.125
C-3,Unmuth,678.0,678.625
C-3,Unmuth,680.5,681.625
C-3,Unmuth,681.5,682.125
C-3,Vertrag,15.0,16.999
C-3,Vertrag,17.0,18.999
C-3,Vertrag,19.0,20.999
C-3,Vertrag,21.0,22.999
C-3,Vertrag,22.0,22.999
C-3,Vertrag,66.0,67.999
C-3,Vertrag,70.0,71.999
C-3,Vertrag,72.0,73.25
C-3,Vertrag,73.0,75.125
C-3,Vertrag,117.0,118.999
C-3,Vertrag,119.0,120.999
C-3,Vertrag,186.0,189.999
C-3,Vertrag,332.0,333.999
C-3,Vertrag,673.0,674.999
C-3,Vertrag,722.0,723.999
C-3,Vertrag,729.0,730.999
C-3,Vertrag,741.625,742.999
C-3,Waberlohe,237.25,238.25
C-3,Waberlohe,238.25,239.25
C-3,Waberlohe,239.25,240.25
C-3,Waberlohe,241.25,241.999
C-3,Waberlohe,805.0,806.75
C-3,Waberlohe,806.0,807.25
C-3,Waberlohe,807.25,808.375
C-3,Waberlohe,808.0,809.999
C-3,Waberlohe,809.25,810.25
C-3,Waberlohe,810.25,811.25
C-3,Waberlohe,811.0,812.999
C-3,Waberlohe,813.25,814.375
C-3,Waberlohe,814.25,815.999
C-3,Waberlohe,816.25,817.5
C-3,Waberlohe,817.25,818.375
C-3,Waberlohe,821.25,822.999
C-3,Waberlohe,822.5,823.5
C-3,Waberlohe,824.25,825.999
C-3,Waberlohe,828.25,829.999
C-3,Waberlohe,832.25,833.875
C-3,Waberlohe,846.25,847.25
C-3,Waberlohe,847.25,848.25
C-3,Waberlohe,848.25,849.25
C-3,Waberlohe,849.0,850.25
C-3,Waberlohe,850.0,851.75
C-3,Waberlohe,978.0,979.999
C-3,Waberlohe,979.0,980.25
C-3,Waberlohe,991.25,992.25
C-3,Waberlohe,992.0,993.25
C-3,Waberlohe,993.0,994.875
C-3,Waberlohe,1541.0,1542.25
C-3,Waberlohe,1543.25,1544.75
C-3,Waberlohe,1549.25,1550.25
C-3,Waberlohe,1550.75,1552.25
C-3,Waberlohe,1557.25,1558.75
C-3,Waberlohe,1590.25,1591.25
C-3,Waberlohe,1591.0,1592.25
C-3,Waberlohe,1592.0,1593.25
C-3,Walhall-b,615.0,617.666
C-3,Walhall-b,1365.125,1368.999
D-0,Horn,283.0,283.5
D-0,Horn,284.0,284.5
D-0,Horn,453.5,453.999
D-0,Horn,670.0,672.999
D-0,Horn,673.0,676.5
D-0,Horn,683.0,687.999
D-0,Horn,717.0,720.999
D-0,Horn,721.0,725.999
D-0,Horn,727.0,730.999
D-0,Horn,731.0,736.999
D-0,Liebe,551.0,554.5
D-0,Ring,265.0,265.999
D-0,Ring,266.0,266.999
D-0,Ring,271.0,271.999
D-0,Ring,272.0,272.999
D-0,Ring,273.0,273.999
D-0,Ring,502.0,503.875
D-0,Ring,518.5,519.625
D-0,Ring,860.0,861.999
D-0,Ring,862.0,862.999
D-0,Ring,863.0,863.999
D-0,Ring,864.0,865.999
D-0,Ring,866.0,866.999
D-0,Ritt,528.5,528.999
D-0,Ritt,529.5,529.999
D-0,Ritt,530.25,530.999
D-0,Ritt,539.25,539.75
D-0,Ritt,540.25,540.75
D-0,Ritt,541.25,541.75
D-0,Ritt,542.25,542.999
D-0,Ritt,543.0,543.75
D-0,Ritt,544.0,544.75
D-0,Ritt,545.0,545.75
D-0,Ritt,546.0,546.75
D-0,Ritt,547.0,547.5
D-0,Ritt,549.25,549.999
D-0,Ritt,551.25,551.999
D-0,Ritt,554.25,554.999
D-0,Schicksal,18.0,19.999
D-0,Schicksal,27.666,28.999
D-0,Schicksal,181.0,182.999
D-0,Schicksal,184.0,185.999
D-0,Schicksal,253.0,254.999
D-0,Schicksal,301.0,302.999
D-0,Schicksal,303.0,304.999
D-0,Schicksal,465.5,467.999
D-0,Schwert,280.125,280.833
D-0,Siegfried,454.875,456.999
D-0,Siegfried,455.875,457.625
D-0,Siegfried,467.5,469.5
D-0,Siegfried,504.875,508.999
D-0,Vertrag,76.0,78.333
D-0,Vertrag,175.25,176.5
D-0,Vertrag,207.0,208.999
D-0,Vertrag,209.0,210.999
D-0,Vertrag,221.0,222.999
D-0,Vertrag,223.0,224.999
D-1,Feuerzauber,76.0,76.999
D-1,Feuerzauber,78.0,78.999
D-1,Feuerzauber,581.0,581.999
D-1,Feuerzauber,583.0,583.999
D-1,Feuerzauber,1547.0,1549.999
D-1,Feuerzauber,1551.0,1553.5
D-1,Feuerzauber,1555.0,1557.999
D-1,Feuerzauber,1559.0,1561.5
D-1,Feuerzauber,1586.0,1588.5
D-1,Feuerzauber,1592.0,1594.5
D-1,Horn,103.0,104.111
D-1,Horn,104.0,104.999
D-1,Horn,105.0,105.999
D-1,Horn,128.0,128.999
D-1,Horn,129.0,129.999
D-1,Horn,130.0,130.999
D-1,Horn,239.5,240.875
D-1,Horn,243.25,244.625
D-1,Horn,244.25,245.625
D-1,Horn,245.25,245.999
D-1,Horn,246.25,246.999
D-1,Horn,247.0,247.999
D-1,Horn,248.0,248.999
D-1,Horn,249.0,249.999
D-1,Horn,250.0,250.999
D-1,Horn,251.0,251.5
D-1,Horn,251.5,251.999
D-1,Horn,252.0,253.999
D-1,Horn,254.0,257.333
D-1,Horn,258.0,260.333
D-1,Horn,281.0,282.999
D-1,Horn,283.0,283.888
D-1,Horn,285.0,285.888
D-1,Horn,287.0,287.888
D-1,Horn,288.0,288.888
D-1,Horn,289.0,289.888
D-1,Horn,292.0,292.888
D-1,Horn,294.0,294.888
D-1,Horn,296.0,296.888
D-1,Horn,297.0,297.888
D-1,Horn,298.0,298.999
D-1,Horn,299.0,299.999
D-1,Horn,300.0,300.999
D-1,Horn,303.0,303.999
D-1,Horn,304.0,304.999
D-1,Horn,854.5,855.625
D-1,Horn,860.5,862.25
D-1,Horn,866.0,866.999
D-1,Horn,868.0,868.999
D-1,Horn,870.5,870.999
D-1,Horn,872.5,872.999
D-1,Horn,886.5,886.999
D-1,Horn,888.5,888.999
D-1,Horn,938.5,938.999
D-1,Horn,946.5,946.999
D-1,Horn,1586.0,1588.999
D-1,Horn,1592.0,1594.999
D-1,Horn,1600.0,1604.875
D-1,Nibelungen,424.25,424.999
D-1,Nibelungen,425.25,425.999
D-1,Nibelungen,426.25,426.999
D-1,Nibelungen,427.0,427.999
D-1,Nibelungen,429.0,429.999
D-1,Nibelungen,430.0,430.999
D-1,Nibelungen,435.25,435.999
D-1,Nibelungen,436.0,436.999
D-1,Nibelungen,438.0,438.999
D-1,Nibelungen,440.25,440.999
D-1,Nibelungen,441.25,441.999
D-1,Nibelungen,442.25,442.999
D-1,Nibelungen,451.5,451.999
D-1,Nibelungen,452.0,452.999
D-1,Nibelungen,754.75,755.999
D-1,Nibelungen,762.0,762.999
D-1,Nibelungenhass,870.0,871.125
D-1,Nibelungenhass,871.125,872.125
D-1,Nibelungenhass,872.125,873.125
D-1,Nibelungenhass,1786.875,1787.833
D-1,Nibelungenhass,1787.875,1788.833
D-1,Nibelungenhass,1788.875,1789.833
D-1,Nibelungenhass,1789.875,1791.083
D-1,Nibelungenhass,1797.125,1798.333
D-1,Nibelungenhass,1800.625,1801.833
D-1,Ring,21.0,21.999
D-1,Ring,132.0,133.999
D-1,Ring,134.0,134.999
D-1,Ring,135.0,135.999
D-1,Ring,136.0,137.999
D-1,Ring,307.0,307.999
D-1,Ring,308.0,308.999
D-1,Ring,453.0,454.75
D-1,Ring,757.5,760.25
D-1,Ring,936.5,938.25
D-1,Ring,939.5,940.375
D-1,Ring,944.5,946.25
D-1,Ring,947.5,948.375
D-1,Ring,997.0,999.999
D-1,Ring,1002.0,1003.25
D-1,Ring,1005.0,1006.75
D-1,Ring,1007.0,1007.999
D-1,Ring,1331.0,1332.75
D-1,Ring,1332.75,1334.999
D-1,Ring,1400.0,1400.999
D-1,Ring,1411.0,1412.999
D-1,Ring,1427.0,1427.999
D-1,Ring,1428.0,1428.999
D-1,Ring,1439.0,1439.999
D-1,Ring,1440.0,1440.999
D-1,Ring,1441.0,1441.999
D-1,Ring,1714.0,1714.999
D-1,Ring,1716.0,1716.999
D-1,Ring,1730.0,1730.75
D-1,Ring,1732.0,1732.75
D-1,Ritt,362.25,362.75
D-1,Ritt,363.5,363.999
D-1,Ritt,373.25,373.75
D-1,Ritt,380.0,380.5
D-1,Ritt,1028.666,1028.999
D-1,Ritt,1029.666,1029.999
D-1,Ritt,1037.666,1038.333
D-1,Ritt,1041.333,1041.999
D-1,Ritt,1042.333,1042.999
D-1,Ritt,1052.0,1052.999
D-1,Ritt,1053.0,1053.999
D-1,Ritt,1054.0,1054.999
D-1,Ritt,1055.0,1055.999
D-1,Ritt,1056.0,1056.999
D-1,Ritt,1057.0,1057.999
D-1,Ritt,1069.666,1069.999
D-1,Ritt,1070.666,1070.999
D-1,Ritt,1071.666,1071.999
D-1,Ritt,1072.666,1072.999
D-1,Ritt,1354.25,1354.999
D-1,Ritt,1355.0,1355.999
D-1,Ritt,1356.0,1356.999
D-1,Ritt,1357.0,1357.75
D-1,Schicksal,1275.0,1276.999
D-1,Schicksal,1278.0,1279.999
D-1,Schwert,102.916,103.666
D-1,Schwert,104.0,104.666
D-1,Schwert,128.0,128.666
D-1,Schwert,147.0,147.999
D-1,Schwert,205.25,206.999
D-1,Schwert,302.833,303.999
D-1,Schwert,418.875,420.75
D-1,Schwert,651.875,653.25
D-1,Schwert,1807.875,1809.999
D-1,Schwert,1824.125,1825.875
D-1,Siegfried,345.875,349.5
D-1,Siegfried,352.875,355.875
D-1,Siegfried,370.0,373.75
D-1,Siegfried,889.75,893.999
D-1,Siegfried,940.875,942.999
D-1,Siegfried,948.875,950.999
D-1,Siegfried,1151.875,1156.25
D-1,Siegfried,1582.75,1584.999
D-1,Siegfried,1597.75,1600.999
D-1,Unmuth,1200.125,1202.875
D-1,Unmuth,1205.125,1207.875
D-1,Unmuth,1222.188,1223.438
D-1,Unmuth,1226.188,1227.438
D-1,Unmuth,1230.188,1231.188
D-1,Unmuth,1231.5,1232.188
D-1,Unmuth,1312.188,1313.999
D-1,Unmuth,1318.188,1319.188
D-1,Unmuth,1319.5,1320.5
D-1,Unmuth,1346.375,1348.5
D-1,Unmuth,1350.375,1352.5
D-1,Unmuth,1368.375,1371.25
D-1,Unmuth,1371.375,1373.5
D-1,Unmuth,1373.5,1374.9
D-1,Vertrag,640.0,641.999
D-1,Vertrag,658.0,660.625
D-1,Vertrag,674.25,676.999
D-1,Vertrag,687.0,691.158
D-1,Vertrag,715.0,718.999
D-1,Vertrag,729.0,731.999
D-1,Vertrag,942.25,943.999
D-1,Vertrag,950.25,952.375
D-1,Vertrag,1240.0,1241.999
D-1,Vertrag,1808.0,1809.999
D-1,Walhall-b,919.0,921.125
D-1,Walhall-b,1237.0,1237.5
D-1,Walhall-b,1239.0,1240.875
D-1,Walhall-b,1242.0,1242.5
D-1,Walhall-b,1244.0,1245.999
D-1,Walhall-b,1252.0,1252.5
D-1,Walhall-b,1254.0,1255.666
D-2,Horn,123.0,123.999
D-2,Horn,124.0,125.999
D-2,Horn,236.0,237.75
D-2,Horn,250.0,250.999
D-2,Horn,251.0,251.999
D-2,Horn,252.0,252.999
D-2,Horn,253.0,253.999
D-2,Horn,344.333,345.999
D-2,Horn,346.333,347.999
D-2,Horn,348.333,349.999
D-2,Horn,350.0,351.999
D-2,Horn,549.0,550.999
D-2,Horn,553.0,554.999
D-2,Horn,555.0,558.999
D-2,Horn,1406.0,1406.5
D-2,Horn,1615.5,1616.999
D-2,Liebe,1229.5,1232.25
D-2,Mannen,437.0,438.999
D-2,Mannen,439.0,439.999
D-2,Mannen,440.0,440.999
D-2,Mannen,441.0,442.999
D-2,Mannen,443.0,443.999
D-2,Mannen,444.0,444.999
D-2,Mannen,445.0,445.999
D-2,Mannen,446.0,446.999
D-2,Mannen,447.0,447.999
D-2,Mannen,448.0,448.999
D-2,Mannen,449.0,449.999
D-2,Mannen,450.0,450.999
D-2,Mannen,451.0,451.999
D-2,Mannen,452.0,452.999
D-2,Mannen,453.0,453.999
D-2,Mannen,454.0,454.999
D-2,Mannen,455.0,455.999
D-2,Mannen,456.0,457.999
D-2,Mannen,458.0,459.999
D-2,Mannen,460.0,460.999
D-2,Mannen,461.0,461.999
D-2,Mannen,462.0,462.999
D-2,Mannen,463.0,463.999
D-2,Mannen,465.0,465.999
D-2,Mannen,467.0,467.999
D-2,Mannen,468.0,468.999
D-2,Mannen,469.0,469.999
D-2,Mannen,516.0,517.999
D-2,Mannen,518.0,518.999
D-2,Mannen,519.0,519.999
D-2,Mannen,520.0,520.999
D-2,Mannen,521.0,521.999
D-2,Mannen,522.0,523.999
D-2,Mannen,527.0,528.999
D-2,Mannen,529.0,530.999
D-2,Mannen,531.0,531.999
D-2,Mannen,532.0,532.999
D-2,Mannen,533.0,533.999
D-2,Mannen,534.0,534.999
D-2,Mannen,535.0,535.999
D-2,Mannen,536.0,536.999
D-2,Mannen,560.0,560.999
D-2,Mannen,561.0,561.999
D-2,Mannen,562.0,562.999
D-2,Mannen,563.0,563.999
D-2,Mannen,564.0,565.999
D-2,Mannen,566.0,566.999
D-2,Mannen,567.0,567.999
D-2,Mannen,577.0,578.999
D-2,Mannen,579.0,580.999
D-2,Mannen,589.0,589.999
D-2,Mannen,591.0,591.999
D-2,Mannen,601.0,602.999
D-2,Mannen,603.0,604.999
D-2,Mannen,605.333,606.666
D-2,Mannen,616.0,617.999
D-2,Mannen,680.0,681.999
D-2,Mannen,682.0,683.999
D-2,Mannen,687.0,688.999
D-2,Mannen,689.0,690.999
D-2,Mannen,691.0,691.999
D-2,Mannen,692.0,692.999
D-2,Mannen,693.0,693.999
D-2,Mannen,694.0,694.999
D-2,Mannen,695.0,695.999
D-2,Mannen,696.0,697.999
D-2,Mannen,698.5,699.999
D-2,Mannen,1010.0,1010.999
D-2,Mannen,1011.0,1011.999
D-2,Mannen,1012.0,1012.5
D-2,Mannen,1012.5,1012.999
D-2,Mannen,1013.0,1013.5
D-2,Mannen,1013.5,1013.999
D-2,Mannen,1014.0,1014.5
D-2,Mannen,1015.0,1015.5
D-2,Mannen,1016.0,1016.5
D-2,Mannen,1017.0,1017.5
D-2,Mannen,1030.0,1030.5
D-2,Mannen,1031.0,1031.5
D-2,Mannen,1091.0,1091.5
D-2,Mannen,1091.5,1091.999
D-2,Mannen,1092.0,1092.498
D-2,Mannen,1092.5,1092.997
D-2,Nibelungenhass,1.0,2.063
D-2,Nibelungenhass,1.938,3.063
D-2,Nibelungenhass,5.938,6.999
D-2,Nibelungenhass,12.875,14.063
D-2,Nibelungenhass,13.938,15.063
D-2,Nibelungenhass,14.938,16.063
D-2,Nibelungenhass,15.938,17.063
D-2,Nibelungenhass,16.938,18.063
D-2,Nibelungenhass,17.938,19.063
D-2,Nibelungenhass,18.938,20.063
D-2,Nibelungenhass,19.938,21.063
D-2,Nibelungenhass,20.938,22.063
D-2,Nibelungenhass,21.938,23.063
D-2,Nibelungenhass,22.938,24.063
D-2,Nibelungenhass,23.938,25.063
D-2,Nibelungenhass,24.938,26.063
D-2,Nibelungenhass,25.938,27.063
D-2,Nibelungenhass,26.938,27.999
D-2,Nibelungenhass,43.083,43.916
D-2,Nibelungenhass,44.083,44.916
D-2,Nibelungenhass,45.083,45.916
D-2,Nibelungenhass,46.083,46.999
D-2,Nibelungenhass,48.0,49.063
D-2,Nibelungenhass,48.938,49.999
D-2,Nibelungenhass,60.0,60.999
D-2,Nibelungenhass,62.0,63.063
D-2,Nibelungenhass,62.938,64.063
D-2,Nibelungenhass,63.938,64.5
D-2,Nibelungenhass,66.0,67.063
D-2,Nibelungenhass,67.063,67.999
D-2,Nibelungenhass,75.083,75.999
D-2,Nibelungenhass,76.083,76.999
D-2,Nibelungenhass,79.083,79.999
D-2,Nibelungenhass,80.083,81.063
D-2,Nibelungenhass,80.5,81.999
D-2,Nibelungenhass,82.0,83.063
D-2,Nibelungenhass,82.938,84.063
D-2,Nibelungenhass,83.938,85.063
D-2,Nibelungenhass,84.938,86.063
D-2,Nibelungenhass,85.938,87.063
D-2,Nibelungenhass,86.938,88.063
D-2,Nibelungenhass,87.938,88.999
D-2,Nibelungenhass,94.916,95.583
D-2,Nibelungenhass,96.875,97.916
D-2,Nibelungenhass,100.063,100.999
D-2,Nibelungenhass,103.063,103.999
D-2,Nibelungenhass,129.083,130.083
D-2,Nibelungenhass,129.916,131.083
D-2,Nibelungenhass,130.916,132.166
D-2,Nibelungenhass,140.0,141.063
D-2,Nibelungenhass,146.938,147.75
D-2,Nibelungenhass,149.0,150.166
D-2,Nibelungenhass,149.916,151.083
D-2,Nibelungenhass,150.875,152.083
D-2,Nibelungenhass,151.916,153.083
D-2,Nibelungenhass,152.916,154.083
D-2,Nibelungenhass,153.916,155.083
D-2,Nibelungenhass,163.063,164.063
D-2,Nibelungenhass,163.957,165.063
D-2,Nibelungenhass,164.938,166.083
D-2,Nibelungenhass,165.916,167.063
D-2,Nibelungenhass,166.916,168.083
D-2,Nibelungenhass,167.938,169.083
D-2,Nibelungenhass,168.916,170.083
D-2,Nibelungenhass,169.916,170.999
D-2,Nibelungenhass,178.083,178.75
D-2,Nibelungenhass,179.083,179.75
D-2,Nibelungenhass,876.875,877.833
D-2,Nibelungenhass,878.875,879.833
D-2,Nibelungenhass,879.875,880.833
D-2,Nibelungenhass,880.875,881.833
D-2,Nibelungenhass,881.875,882.833
D-2,Nibelungenhass,883.875,884.833
D-2,Nibelungenhass,884.875,885.833
D-2,Nibelungenhass,885.875,886.833
D-2,Nibelungenhass,886.875,887.833
D-2,Nibelungenhass,887.875,888.833
D-2,Nibelungenhass,888.875,889.833
D-2,Nibelungenhass,889.875,890.833
D-2,Nibelungenhass,890.875,891.833
D-2,Nibelungenhass,891.875,892.833
D-2,Nibelungenhass,892.75,893.833
D-2,Nibelungenhass,893.75,894.833
D-2,Nibelungenhass,894.75,895.833
D-2,Nibelungenhass,897.0,897.833
D-2,Nibelungenhass,897.75,898.833
D-2,Nibelungenhass,898.75,899.833
D-2,Nibelungenhass,899.75,900.833
D-2,Nibelungenhass,900.75,901.833
D-2,Nibelungenhass,901.75,902.833
D-2,Nibelungenhass,902.75,903.833
D-2,Nibelungenhass,930.75,931.583
D-2,Nibelungenhass,931.375,931.999
D-2,Nibelungenhass,932.375,932.999
D-2,Nibelungenhass,935.375,935.999
D-2,Nibelungenhass,976.125,977.083
D-2,Nibelungenhass,976.875,977.875
D-2,Nibelungenhass,981.125,982.083
D-2,Nibelungenhass,981.875,983.875
D-2,Nibelungenhass,1100.0,1100.999
D-2,Nibelungenhass,1101.0,1101.999
D-2,Nibelungenhass,1102.0,1102.999
D-2,Nibelungenhass,1104.0,1104.999
D-2,Nibelungenhass,1320.0,1320.999
D-2,Nibelungenhass,1321.0,1321.999
D-2,Nibelungenhass,1324.0,1324.999
D-2,Nibelungenhass,1325.0,1325.999
D-2,Nibelungenhass,1328.0,1328.999
D-2,Nibelungenhass,1329.875,1331.375
D-2,Nibelungenhass,1331.875,1333.375
D-2,Nibelungenhass,1442.875,1443.833
D-2,Nibelungenhass,1443.875,1444.833
D-2,Nibelungenhass,1444.875,1445.833
D-2,Nibelungenhass,1445.875,1446.833
D-2,Nibelungenhass,1446.875,1447.833
D-2,Nibelungenhass,1447.875,1448.833
D-2,Nibelungenhass,1624.0,1624.999
D-2,Nibelungenhass,1625.0,1625.999
D-2,Nibelungenhass,1626.0,1626.999
D-2,Ring,34.0,34.999
D-2,Ring,36.0,36.999
D-2,Ring,38.0,38.999
D-2,Ring,41.0,42.083
D-2,Ring,42.0,43.083
D-2,Ring,58.0,58.999
D-2,Ring,84.5,85.063
D-2,Ring,85.5,86.063
D-2,Ring,114.5,115.125
D-2,Ring,116.0,116.5
D-2,Ring,116.5,116.999
D-2,Ring,117.0,117.833
D-2,Ring,118.0,118.875
D-2,Ring,119.0,119.875
D-2,Ring,143.0,143.999
D-2,Ring,144.0,144.833
D-2,Ring,860.0,860.75
D-2,Ring,912.0,912.625
D-2,Ring,913.0,913.625
D-2,Ring,914.0,914.5
D-2,Ring,915.5,915.999
D-2,Ring,917.0,917.625
D-2,Ring,918.0,918.625
D-2,Ring,919.0,919.875
D-2,Ring,921.0,922.625
D-2,Ring,923.0,924.583
D-2,Ring,946.0,946.5
D-2,Ring,947.0,947.5
D-2,Ring,948.0,948.5
D-2,Ring,948.5,948.999
D-2,Ring,953.0,953.5
D-2,Ring,954.0,954.5
D-2,Ring,1569.0,1570.999
D-2,Ring,1571.0,1572.999
D-2,Schicksal,825.0,826.999
D-2,Schicksal,845.25,849.125
D-2,Schicksal,1346.0,1348.875
D-2,Schicksal,1349.0,1350.999
D-2,Schicksal,1352.0,1353.999
D-2,Schicksal,1355.0,1356.999
D-2,Schwert,90.0,91.25
D-2,Schwert,110.75,112.125
D-2,Schwert,153.875,155.375
D-2,Schwert,325.833,327.666
D-2,Schwert,813.875,815.125
D-2,Schwert,1059.75,1062.999
D-2,Schwert,1065.875,1068.999
D-2,Schwert,1069.75,1071.75
D-2,Schwert,1079.875,1081.25
D-2,Schwert,1084.875,1086.999
D-2,Schwert,1454.938,1456.125
D-2,Siegfried,937.25,939.625
D-2,Siegfried,1411.875,1413.999
D-2,Siegfried,1429.875,1431.999
D-2,Siegfried,1433.938,1435.875
D-2,Siegfried,1453.188,1454.625
D-2,Vertrag,112.125,114.25
D-2,Vertrag,1060.0,1061.999
D-3,Feuerzauber,800.0,801.333
D-3,Feuerzauber,802.0,803.333
D-3,Feuerzauber,804.0,805.333
D-3,Feuerzauber,806.0,807.333
D-3,Feuerzauber,1243.0,1244.5
D-3,Feuerzauber,1245.0,1246.375
D-3,Feuerzauber,1251.0,1252.999
D-3,Feuerzauber,1253.0,1254.5
D-3,Feuerzauber,1479.0,1480.5
D-3,Feuerzauber,1502.0,1503.25
D-3,Feuerzauber,1507.0,1508.125
D-3,Feuerzauber,1520.0,1521.25
D-3,Horn,1.0,2.999
D-3,Horn,3.0,5.333
D-3,Horn,15.0,18.999
D-3,Horn,37.0,38.833
D-3,Horn,148.0,149.999
D-3,Horn,502.0,503.777
D-3,Horn,505.0,509.999
D-3,Horn,527.0,528.999
D-3,Horn,529.0,530.999
D-3,Horn,531.0,531.999
D-3,Horn,532.0,532.999
D-3,Horn,533.0,533.999
D-3,Horn,534.0,535.999
D-3,Horn,536.0,536.999
D-3,Horn,537.0,537.999
D-3,Horn,538.0,539.999
D-3,Horn,544.0,546.5
D-3,Horn,549.5,550.75
D-3,Horn,566.25,566.999
D-3,Horn,567.0,567.75
D-3,Horn,570.0,570.999
D-3,Horn,571.0,571.999
D-3,Horn,572.0,572.999
D-3,Horn,992.0,992.5
D-3,Horn,993.0,993.5
D-3,Horn,999.0,999.5
D-3,Horn,1001.0,1001.5
D-3,Horn,1002.0,1002.5
D-3,Horn,1058.0,1058.5
D-3,Horn,1059.0,1059.5
D-3,Horn,1104.0,1104.5
D-3,Liebe,945.5,947.25
D-3,Liebe,946.75,949.125
D-3,Nibelungen,327.0,327.999
D-3,Nibelungen,328.0,328.999
D-3,Nibelungen,638.5,639.999
D-3,Nibelungen,642.0,642.999
D-3,Nibelungen,643.0,643.999
D-3,Nibelungen,644.0,644.999
D-3,Nibelungen,645.0,645.999
D-3,Nibelungen,654.0,654.999
D-3,Nibelungen,655.0,655.999
D-3,Nibelungen,659.0,659.999
D-3,Nibelungen,660.0,660.999
D-3,Nibelungen,667.0,667.999
D-3,Nibelungen,668.0,668.999
D-3,Nibelungen,669.0,669.999
D-3,Nibelungen,670.0,670.999
D-3,Nibelungen,671.0,671.999
D-3,Nibelungen,672.0,672.5
D-3,Nibelungen,754.0,754.999
D-3,Nibelungen,755.0,755.999
D-3,Nibelungen,756.0,756.999
D-3,Nibelungen,757.0,757.999
D-3,Ring,207.0,208.999
D-3,Ring,209.0,209.999
D-3,Ring,210.0,210.999
D-3,Ring,285.0,286.999
D-3,Ring,287.0,288.999
D-3,Ring,294.0,295.999
D-3,Ring,297.0,298.999
D-3,Ring,308.0,308.888
D-3,Ring,309.0,309.888
D-3,Ring,310.0,310.888
D-3,Ring,311.0,311.999
D-3,Ring,312.5,313.999
D-3,Ring,314.0,314.999
D-3,Ring,319.0,319.999
D-3,Ring,320.0,320.999
D-3,Ring,357.0,358.999
D-3,Ring,359.0,360.999
D-3,Ring,366.0,367.625
D-3,Ring,370.0,371.625
D-3,Ring,372.0,374.625
D-3,Ring,397.0,397.875
D-3,Ring,397.875,398.999
D-3,Ring,433.0,433.999
D-3,Ring,434.0,434.999
D-3,Ring,435.0,435.999
D-3,Ring,436.0,436.999
D-3,Ring,437.0,437.999
D-3,Ring,438.0,438.999
D-3,Ring,439.0,439.999
D-3,Ring,440.0,440.999
D-3,Ring,441.0,441.999
D-3,Ring,442.0,442.999
D-3,Ring,1138.0,1139.375
D-3,Ring,1142.0,1143.375
D-3,Ring,1144.0,1144.999
D-3,Ring,1145.0,1145.999
D-3,Ring,1152.0,1152.875
D-3,Ring,1153.0,1153.875
D-3,Ring,1154.0,1154.5
D-3,Ring,1154.5,1154.99
D-3,Ring,1373.0,1374.125
D-3,Ring,1375.0,1376.999
D-3,Ring,1409.0,1410.999
D-3,Schicksal,341.0,343.5
D-3,Schicksal,852.0,853.375
D-3,Schicksal,860.0,861.999
D-3,Schicksal,863.0,864.999
D-3,Schicksal,885.0,886.999
D-3,Schicksal,911.0,912.999
D-3,Schicksal,1013.0,1014.999
D-3,Schicksal,1175.0,1176.999
D-3,Schicksal,1179.0,1180.999
D-3,Schicksal,1223.0,1224.999
D-3,Schicksal,1226.0,1227.999
D-3,Schicksal,1229.0,1230.999
D-3,Schicksal,1318.0,1319.999
D-3,Schicksal,1322.0,1323.375
D-3,Schicksal,1325.0,1327.375
D-3,Schicksal,1328.0,1329.375
D-3,Schicksal,1330.5,1331.875
D-3,Schicksal,1331.5,1332.999
D-3,Schicksal,1335.0,1337.999
D-3,Schicksal,1339.0,1340.999
D-3,Schicksal,1342.0,1343.999
D-3,Schwert,375.875,376.999
D-3,Schwert,679.833,680.999
D-3,Schwert,953.833,955.75
D-3,Schwert,1158.875,1160.999
D-3,Schwert,1282.833,1284.999
D-3,Siegfried,372.875,374.625
D-3,Siegfried,844.833,846.999
D-3,Siegfried,892.833,893.833
D-3,Siegfried,894.916,895.833
D-3,Siegfried,896.916,898.5
D-3,Siegfried,898.916,899.999
D-3,Siegfried,959.875,963.999
D-3,Siegfried,965.875,968.999
D-3,Siegfried,1059.875,1061.999
D-3,Siegfried,1244.0,1248.625
D-3,Siegfried,1252.875,1256.625
D-3,Siegfried,1468.875,1470.375
D-3,Siegfried,1470.875,1474.5
D-3,Siegfried,1494.75,1499.25
D-3,Siegfried,1589.75,1591.999
D-3,Vertrag,363.25,364.5
D-3,Vertrag,1417.25,1419.999
D-3,Waberlohe,818.166,819.5
D-3,Waberlohe,819.166,820.833
D-3,Waberlohe,820.166,821.833
D-3,Waberlohe,821.166,822.833
D-3,Waberlohe,822.166,823.833
D-3,Waberlohe,823.166,824.5
D-3,Waberlohe,824.166,825.5
D-3,Waberlohe,825.166,826.999
D-3,Waldweben,705.0,705.999
D-3,Waldweben,706.0,706.999
D-3,Waldweben,707.0,707.999
D-3,Waldweben,708.0,708.999
D-3,Waldweben,709.0,709.999
D-3,Waldweben,710.0,710.999
D-3,Waldweben,711.0,711.999
D-3,Waldweben,712.0,712.999
D-3,Waldweben,713.0,713.999
D-3,Waldweben,714.0,714.999
D-3,Waldweben,715.0,715.999
D-3,Waldweben,716.0,716.999
D-3,Waldweben,717.0,717.999
D-3,Waldweben,718.0,718.999
D-3,Waldweben,719.0,719.999
D-3,Waldweben,720.0,720.999
D-3,Waldweben,721.0,721.999
D-3,Waldweben,722.0,722.999
D-3,Waldweben,723.0,723.999
D-3,Waldweben,728.0,728.999
D-3,Waldweben,729.0,729.999
D-3,Waldweben,730.0,730.999
D-3,Waldweben,731.0,731.999
D-3,Waldweben,732.0,732.999
D-3,Waldweben,733.0,733.999
D-3,Waldweben,734.0,734.999
D-3,Waldweben,735.0,735.999
D-3,Waldweben,736.0,736.999
D-3,Waldweben,737.0,737.999
D-3,Waldweben,738.0,738.999
D-3,Waldweben,739.0,739.999
D-3,Waldweben,740.0,740.999
D-3,Waldweben,741.0,741.999
D-3,Waldweben,742.0,742.999
D-3,Waldweben,743.0,743.999
D-3,Waldweben,744.0,744.999
D-3,Waldweben,745.0,745.999
D-3,Waldweben,777.0,777.999
D-3,Waldweben,778.0,778.999
D-3,Waldweben,779.0,779.999
D-3,Waldweben,780.0,780.999
D-3,Waldweben,781.0,781.999
D-3,Waldweben,782.0,782.999
D-3,Waldweben,783.0,783.999
D-3,Waldweben,784.0,784.999
D-3,Walhall-b,1360.0,1360.999
D-3,Walhall-b,1585.0,1587.999
D-3,Walhall-b,1588.0,1591.999
